Workbook
Name painel: 'PAINEL DE STATUS COBRANÇAS'!$1:$1048576
Name TABELACOBRAN: 'BASE COBRANÇAS'!$A$3:$T$275

Sheet BASE COBRANÇAS
A1: ⚡ BASE COBRANÇAS
A2: 🔄 Como atualizar: extraia relatorios de DOCUMENTOS (APISULLOG/RESULTADOS/DOCUMENTOS) 3 dias no filtro " - "LOCALIZAÇÃO DE CARGA (APISULLOG/OPERAÇÃO/LOCALIZAÇÃO DE CARGA) 3 dias no filtro" - "VISÃO LOGISTICA (APISULLOG/OPERAÇÃO/VISÃO LOGISTICA) - 3 dias no filtro " Cole os novos dados nas abas "DOCUMENTOS" e "LOCALIZAÇÃO DE CARGA" - "VISÃO LOGISTICA" (mantendo cabeçalhos na linha 1)
A3: DATA PROGRAMAÇÃO CHEGADA | B3: Nº Pedido / Doc. | C3: ⚠ ALERTA COBRANÇA | D3: Observação (Situação da viagem) | E3: CARREGAMENTO | F3: Transportadora | G3: Origem | H3: Status | I3: STATUS SMP | J3: Placa | K3: Valor (R$) | L3: Prev. Início com base na data entrega (LOCALIZAÇÃO) | M3: Chegada Filial (DOCUMENTOS) | N3: ⏰ Hora Limite p/ Chegada (Lib -1h) | O3: Data Entrega (LOCALIZAÇÃO) | P3: Prev. Online (Atualizada) | Q3: Destino | R3: Cliente Final | S3: Localização do veiculo | T3: Cidade/UF Destino
A4: =IF(M4="","",INT(M4)) -> 46157 | B4: {=_xlfn._xlws.FILTER( 'LOCALIZAÇÃO DE CARGA'!A2:A1702, ( (('LOCALIZAÇÃO DE CARGA'!F2:F1702="não iniciado")+ ('LOCALIZAÇÃO DE CARGA'!F2:F1702="Andamento"))>0 ) * (ISNUMBER(VALUE('LOCALIZAÇÃO DE CARGA'!A2:A1702))), "Sem pedidos" )} -> 6022063 | C4: =IFERROR( IF(B4="","", IF(I4="Encerrada", "VERIFICAR SMP EM ANDAMENTO", IF(VALUE(SUBSTITUTE(K4,".",""))<100000, "DESCONSIDERA, VALOR NÃO RASTREADO", IF(AND(I4="EM VIAGEM",ISNUMBER(FIND("CAJAMAR/SP",S4))), IF(E4="Patio", "NA PENSKE - COM SMP - AGUARDANDO CARREGAMENTO", "NA PENSKE - COM SMP - AGUARDANDO SAÍDA"), IF(AND(I4="Pré-SMP",ISNUMBER(FIND("CAJAMAR/SP",S4))), IF(E4="Patio", "NA PENSKE - PRÉ-SMP - AGUARDANDO CARREGAMENTO", "NA PENSKE - PRÉ-SMP - AGUARDANDO SAÍDA"), IF(AND(I4="EM VIAGEM",ISNUMBER(FIND("ITAPOA/SC",S4))), "NA CLIF - COM SMP - AGUARDANDO SAÍDA", IF(AND(I4="Pré-SMP",ISNUMBER(FIND("ITAPOA/SC",S4))), "NA CLIF - PRÉ-SMP - AGUARDANDO SAÍDA", IF(I4="EM VIAGEM", "EM VIAGEM", IF(OR(L4="",N4=""), IF(I4="EM VIAGEM","SEM PREVISAO - COM SMP", IF(I4="Pré-SMP","SEM PREVISAO - PRÉ-SMP", "SEM PREVISAO - SEM SMP")), IF(M4>L4, IF(NOW()>N4, IF(E4="Finalizado", IF(I4="EM VIAGEM","CARREGADO - COM SMP", IF(I4="Pré-SMP","CARREGADO - PRÉ-SMP", "CARREGADO - SEM SMP")), IF(I4="EM VIAGEM","ATRASADO CARREGAMENTO - COM SMP - VERIFICAR AGENDAMENTO", IF(I4="Pré-SMP","ATRASADO CARREGAMENTO - PRÉ-SMP - VERIFICAR AGENDAMENTO", "ATRASADO CARREGAMENTO - SEM SMP - VERIFICAR AGENDAMENTO"))), IF(NOW()>L4, IF(I4="EM VIAGEM","ATRASADO ENTREGA - COM SMP - VERIFICAR AGENDAMENTO", IF(I4="Pré-SMP","ATRASADO ENTREGA - PRÉ-SMP - VERIFICAR AGENDAMENTO", "ATRASADO ENTREGA - SEM SMP - VERIFICAR AGENDAMENTO")), "OK NO PRAZO - VERIFICAR AGENDAMENTO")), IF(NOW()>L4, IF(I4="EM VIAGEM","ATRASADO ENTREGA - COM SMP", IF(I4="Pré-SMP","ATRASADO ENTREGA - PRÉ-SMP", "ATRASADO ENTREGA - SEM SMP")), IF(NOW()>N4, IF(E4="Finalizado", IF(I4="EM VIAGEM","CARREGADO - COM SMP", IF(I4="Pré-SMP","CARREGADO - PRÉ-SMP", "CARREGADO - SEM SMP")), IF(I4="EM VIAGEM","ATRASADO CARREGAMENTO - COM SMP", IF(I4="Pré-SMP","ATRASADO CARREGAMENTO - PRÉ-SMP", "ATRASADO CARREGAMENTO - SEM SMP"))), IF(L4-NOW()<=1, "ATENCAO - PROXIMO", "OK - NO PRAZO" ))))))))))))),"") -> EM VIAGEM | E4: =IFERROR( IF( _xlfn.XLOOKUP( B4, 'LOCALIZAÇÃO DE CARGA'!$A$2:$A$702, 'LOCALIZAÇÃO DE CARGA'!$D$2:$D$702 )="", "", _xlfn.XLOOKUP( B4, 'LOCALIZAÇÃO DE CARGA'!$A$2:$A$702, 'LOCALIZAÇÃO DE CARGA'!$D$2:$D$702 ) ), "" ) -> Saida do WH | F4: =IFERROR( IF( _xlfn.XLOOKUP( B4, 'LOCALIZAÇÃO DE CARGA'!$A$2:$A$702, 'LOCALIZAÇÃO DE CARGA'!$H$2:$H$702 )="", "", _xlfn.XLOOKUP( B4, 'LOCALIZAÇÃO DE CARGA'!$A$2:$A$702, 'LOCALIZAÇÃO DE CARGA'!$H$2:$H$702 ) ), "" ) -> TR RAMTHUN | G4: =IFERROR( IF( _xlfn.XLOOKUP( B4, 'LOCALIZAÇÃO DE CARGA'!$A$2:$A$702, 'LOCALIZAÇÃO DE CARGA'!$I$2:$I$702 )="", "", _xlfn.XLOOKUP( B4, 'LOCALIZAÇÃO DE CARGA'!$A$2:$A$702, 'LOCALIZAÇÃO DE CARGA'!$I$2:$I$702 ) ), "" ) -> LGCAJ | H4: =IFERROR( IF( _xlfn.XLOOKUP( B4, 'LOCALIZAÇÃO DE CARGA'!$A$2:$A$702, 'LOCALIZAÇÃO DE CARGA'!$F$2:$F$702 )="", "", _xlfn.XLOOKUP( B4, 'LOCALIZAÇÃO DE CARGA'!$A$2:$A$702, 'LOCALIZAÇÃO DE CARGA'!$F$2:$F$702 ) ), "" ) -> Andamento | I4: {=IFERROR( IF( OR( INDEX( 'VISÃO LOGISTICA'!$C$2:$C$525, MATCH( TRUE, ISNUMBER(FIND(B4,'VISÃO LOGISTICA'!$A$2:$A$525)), 0 ) )="Em espera", INDEX( 'VISÃO LOGISTICA'!$C$2:$C$525, MATCH( TRUE, ISNUMBER(FIND(B4,'VISÃO LOGISTICA'!$A$2:$A$525)), 0 ) )="" ), "", INDEX( 'VISÃO LOGISTICA'!$C$2:$C$525, MATCH( TRUE, ISNUMBER(FIND(B4,'VISÃO LOGISTICA'!$A$2:$A$525)), 0 ) ) ), "" )} -> Em Viagem | J4: {=IFERROR( IF( OR( INDEX( 'VISÃO LOGISTICA'!$C$2:$C$2000, MATCH( TRUE, ISNUMBER(FIND(B4,'VISÃO LOGISTICA'!$A$2:$A$2000)), 0 ) )="Em espera", INDEX( 'VISÃO LOGISTICA'!$C$2:$C$2000, MATCH( TRUE, ISNUMBER(FIND(B4,'VISÃO LOGISTICA'!$A$2:$A$2000)), 0 ) )="" ), "", INDEX( 'VISÃO LOGISTICA'!$D$2:$D$2000, MATCH( TRUE, ISNUMBER(FIND(B4,'VISÃO LOGISTICA'!$A$2:$A$2000)), 0 ) ) ), "" )} -> QHG5H17 | K4: =IFERROR( IF( _xlfn.XLOOKUP( B4, 'LOCALIZAÇÃO DE CARGA'!$A$2:$A$702, 'LOCALIZAÇÃO DE CARGA'!$E$2:$E$702)="", "", _xlfn.XLOOKUP( B4, 'LOCALIZAÇÃO DE CARGA'!$A$2:$A$702, 'LOCALIZAÇÃO DE CARGA'!$E$2:$E$702) ), "" ) -> 1341079.3 | L4: {=IFERROR( _xlfn.LET( _xlpm.res,_xlfn.XLOOKUP(B4,'LOCALIZAÇÃO DE CARGA'!$A$2:$A$2000,'LOCALIZAÇÃO DE CARGA'!$G$2:$G$2000), IF(_xlpm.res="","",_xlpm.res) ), "" )} -> 46157.333 | M4: {=IFERROR( _xlfn.LET( _xlpm.load,_xlfn.XLOOKUP(B4,'LOCALIZAÇÃO DE CARGA'!$A$2:$A$2000,'LOCALIZAÇÃO DE CARGA'!$A$2:$A$2000), _xlpm.res,_xlfn.XLOOKUP(_xlpm.load,DOCUMENTOS!$A$2:$A$2000,DOCUMENTOS!$D$2:$D$2000), IF(_xlpm.res="","",_xlpm.res) ), "" )} -> 46157.333 | N4: =IFERROR(IF(M4="","",M4-TIME(1,0,0)),"") -> 46157.292 | O4: {=IFERROR( _xlfn.LET( _xlpm.res,_xlfn.XLOOKUP(B4,'LOCALIZAÇÃO DE CARGA'!$A$2:$A$2000,'LOCALIZAÇÃO DE CARGA'!$S$2:$S$2000), IF(_xlpm.res="","",_xlpm.res) ), "" )} -> 46161.292 | P4: {=IFERROR( _xlfn.LET( _xlpm.res,_xlfn.XLOOKUP(B4,'LOCALIZAÇÃO DE CARGA'!$A$2:$A$702,'LOCALIZAÇÃO DE CARGA'!$T$2:$T$702), IF(_xlpm.res="","",_xlpm.res) ), "" )} -> 46158.892 | Q4: =IFERROR( IF( _xlfn.XLOOKUP( B4, 'LOCALIZAÇÃO DE CARGA'!$A$2:$A$702, 'LOCALIZAÇÃO DE CARGA'!$K$2:$K$702 )="", "", _xlfn.XLOOKUP( B4, 'LOCALIZAÇÃO DE CARGA'!$A$2:$A$702, 'LOCALIZAÇÃO DE CARGA'!$K$2:$K$702 ) ), "" ) -> FUJIOKA ELETRO IMAGEM S/A - 74675690 | R4: =IF(Q4="","",TRIM(IFERROR(LEFT(LEFT(Q4,FIND(" - ",Q4)-1),FIND("(",LEFT(Q4,FIND(" - ",Q4)-1))-1),LEFT(Q4,FIND(" - ",Q4)-1)))) -> FUJIOKA ELETRO IMAGEM S/A | S4: {=IF(B4="","",IFERROR( INDEX( 'VISÃO LOGISTICA'!$L$2:$L$525, MATCH( TRUE, ISNUMBER(FIND(B4,'VISÃO LOGISTICA'!$A$2:$A$525)), 0 ) ), "" ))} -> RODOVIA ANHANGUERA, RIBEIRAO PRETO/SP/BRASIL (0,01 Km) | T4: =IFERROR( _xlfn.LET( _xlpm.res,_xlfn.XLOOKUP(B4,'LOCALIZAÇÃO DE CARGA'!$A$2:$A$702,'LOCALIZAÇÃO DE CARGA'!$R$2:$R$702), IF(_xlpm.res="","",_xlpm.res) ), "" ) -> GOIANIA/GO/BRASIL
A5: =IF(M5="","",INT(M5)) -> 46157 | B5: 6022062 | C5: =IFERROR( IF(B5="","", IF(I5="Encerrada", "VERIFICAR SMP EM ANDAMENTO", IF(VALUE(SUBSTITUTE(K5,".",""))<100000, "DESCONSIDERA, VALOR NÃO RASTREADO", IF(AND(I5="EM VIAGEM",ISNUMBER(FIND("CAJAMAR/SP",S5))), IF(E5="Patio", "NA PENSKE - COM SMP - AGUARDANDO CARREGAMENTO", "NA PENSKE - COM SMP - AGUARDANDO SAÍDA"), IF(AND(I5="Pré-SMP",ISNUMBER(FIND("CAJAMAR/SP",S5))), IF(E5="Patio", "NA PENSKE - PRÉ-SMP - AGUARDANDO CARREGAMENTO", "NA PENSKE - PRÉ-SMP - AGUARDANDO SAÍDA"), IF(AND(I5="EM VIAGEM",ISNUMBER(FIND("ITAPOA/SC",S5))), "NA CLIF - COM SMP - AGUARDANDO SAÍDA", IF(AND(I5="Pré-SMP",ISNUMBER(FIND("ITAPOA/SC",S5))), "NA CLIF - PRÉ-SMP - AGUARDANDO SAÍDA", IF(I5="EM VIAGEM", "EM VIAGEM", IF(OR(L5="",N5=""), IF(I5="EM VIAGEM","SEM PREVISAO - COM SMP", IF(I5="Pré-SMP","SEM PREVISAO - PRÉ-SMP", "SEM PREVISAO - SEM SMP")), IF(M5>L5, IF(NOW()>N5, IF(E5="Finalizado", IF(I5="EM VIAGEM","CARREGADO - COM SMP", IF(I5="Pré-SMP","CARREGADO - PRÉ-SMP", "CARREGADO - SEM SMP")), IF(I5="EM VIAGEM","ATRASADO CARREGAMENTO - COM SMP - VERIFICAR AGENDAMENTO", IF(I5="Pré-SMP","ATRASADO CARREGAMENTO - PRÉ-SMP - VERIFICAR AGENDAMENTO", "ATRASADO CARREGAMENTO - SEM SMP - VERIFICAR AGENDAMENTO"))), IF(NOW()>L5, IF(I5="EM VIAGEM","ATRASADO ENTREGA - COM SMP - VERIFICAR AGENDAMENTO", IF(I5="Pré-SMP","ATRASADO ENTREGA - PRÉ-SMP - VERIFICAR AGENDAMENTO", "ATRASADO ENTREGA - SEM SMP - VERIFICAR AGENDAMENTO")), "OK NO PRAZO - VERIFICAR AGENDAMENTO")), IF(NOW()>L5, IF(I5="EM VIAGEM","ATRASADO ENTREGA - COM SMP", IF(I5="Pré-SMP","ATRASADO ENTREGA - PRÉ-SMP", "ATRASADO ENTREGA - SEM SMP")), IF(NOW()>N5, IF(E5="Finalizado", IF(I5="EM VIAGEM","CARREGADO - COM SMP", IF(I5="Pré-SMP","CARREGADO - PRÉ-SMP", "CARREGADO - SEM SMP")), IF(I5="EM VIAGEM","ATRASADO CARREGAMENTO - COM SMP", IF(I5="Pré-SMP","ATRASADO CARREGAMENTO - PRÉ-SMP", "ATRASADO CARREGAMENTO - SEM SMP"))), IF(L5-NOW()<=1, "ATENCAO - PROXIMO", "OK - NO PRAZO" ))))))))))))),"") -> EM VIAGEM | E5: =IFERROR( IF( _xlfn.XLOOKUP( B5, 'LOCALIZAÇÃO DE CARGA'!$A$2:$A$702, 'LOCALIZAÇÃO DE CARGA'!$D$2:$D$702 )="", "", _xlfn.XLOOKUP( B5, 'LOCALIZAÇÃO DE CARGA'!$A$2:$A$702, 'LOCALIZAÇÃO DE CARGA'!$D$2:$D$702 ) ), "" ) -> Saida do WH | F5: =IFERROR( IF( _xlfn.XLOOKUP( B5, 'LOCALIZAÇÃO DE CARGA'!$A$2:$A$702, 'LOCALIZAÇÃO DE CARGA'!$H$2:$H$702 )="", "", _xlfn.XLOOKUP( B5, 'LOCALIZAÇÃO DE CARGA'!$A$2:$A$702, 'LOCALIZAÇÃO DE CARGA'!$H$2:$H$702 ) ), "" ) -> TR RAMTHUN | G5: =IFERROR( IF( _xlfn.XLOOKUP( B5, 'LOCALIZAÇÃO DE CARGA'!$A$2:$A$702, 'LOCALIZAÇÃO DE CARGA'!$I$2:$I$702 )="", "", _xlfn.XLOOKUP( B5, 'LOCALIZAÇÃO DE CARGA'!$A$2:$A$702, 'LOCALIZAÇÃO DE CARGA'!$I$2:$I$702 ) ), "" ) -> LGCAJ | H5: =IFERROR( IF( _xlfn.XLOOKUP( B5, 'LOCALIZAÇÃO DE CARGA'!$A$2:$A$702, 'LOCALIZAÇÃO DE CARGA'!$F$2:$F$702 )="", "", _xlfn.XLOOKUP( B5, 'LOCALIZAÇÃO DE CARGA'!$A$2:$A$702, 'LOCALIZAÇÃO DE CARGA'!$F$2:$F$702 ) ), "" ) -> Andamento | I5: {=IFERROR( IF( INDEX( 'VISÃO LOGISTICA'!$C$2:$C$525, MATCH( TRUE, ISNUMBER(FIND(B5,'VISÃO LOGISTICA'!$A$2:$A$525)), 0 ) )="Em espera", "", INDEX( 'VISÃO LOGISTICA'!$C$2:$C$525, MATCH( TRUE, ISNUMBER(FIND(B5,'VISÃO LOGISTICA'!$A$2:$A$525)), 0 ) ) ), "" )} -> Em Viagem | J5: {=IFERROR( IF( OR( INDEX( 'VISÃO LOGISTICA'!$C$2:$C$2000, MATCH( TRUE, ISNUMBER(FIND(B5,'VISÃO LOGISTICA'!$A$2:$A$2000)), 0 ) )="Em espera", INDEX( 'VISÃO LOGISTICA'!$C$2:$C$2000, MATCH( TRUE, ISNUMBER(FIND(B5,'VISÃO LOGISTICA'!$A$2:$A$2000)), 0 ) )="" ), "", INDEX( 'VISÃO LOGISTICA'!$D$2:$D$2000, MATCH( TRUE, ISNUMBER(FIND(B5,'VISÃO LOGISTICA'!$A$2:$A$2000)), 0 ) ) ), "" )} -> QHG5H17 | K5: =IFERROR( IF( _xlfn.XLOOKUP( B5, 'LOCALIZAÇÃO DE CARGA'!$A$2:$A$702, 'LOCALIZAÇÃO DE CARGA'!$E$2:$E$702)="", "", _xlfn.XLOOKUP( B5, 'LOCALIZAÇÃO DE CARGA'!$A$2:$A$702, 'LOCALIZAÇÃO DE CARGA'!$E$2:$E$702) ), "" ) -> 1341079.3 | L5: {=IFERROR( _xlfn.LET( _xlpm.res,_xlfn.XLOOKUP(B5,'LOCALIZAÇÃO DE CARGA'!$A$2:$A$2000,'LOCALIZAÇÃO DE CARGA'!$G$2:$G$2000), IF(_xlpm.res="","",_xlpm.res) ), "" )} -> 46157.333 | M5: {=IFERROR( _xlfn.LET( _xlpm.load,_xlfn.XLOOKUP(B5,'LOCALIZAÇÃO DE CARGA'!$A$2:$A$2000,'LOCALIZAÇÃO DE CARGA'!$A$2:$A$2000), _xlpm.res,_xlfn.XLOOKUP(_xlpm.load,DOCUMENTOS!$A$2:$A$2000,DOCUMENTOS!$D$2:$D$2000), IF(_xlpm.res="","",_xlpm.res) ), "" )} -> 46157.333 | N5: =IFERROR(IF(M5="","",M5-TIME(1,0,0)),"") -> 46157.292 | O5: {=IFERROR( _xlfn.LET( _xlpm.res,_xlfn.XLOOKUP(B5,'LOCALIZAÇÃO DE CARGA'!$A$2:$A$2000,'LOCALIZAÇÃO DE CARGA'!$S$2:$S$2000), IF(_xlpm.res="","",_xlpm.res) ), "" )} -> 46161.292 | P5: {=IFERROR( _xlfn.LET( _xlpm.res,_xlfn.XLOOKUP(B5,'LOCALIZAÇÃO DE CARGA'!$A$2:$A$702,'LOCALIZAÇÃO DE CARGA'!$T$2:$T$702), IF(_xlpm.res="","",_xlpm.res) ), "" )} -> 46158.892 | Q5: =IFERROR( IF( _xlfn.XLOOKUP( B5, 'LOCALIZAÇÃO DE CARGA'!$A$2:$A$702, 'LOCALIZAÇÃO DE CARGA'!$K$2:$K$702 )="", "", _xlfn.XLOOKUP( B5, 'LOCALIZAÇÃO DE CARGA'!$A$2:$A$702, 'LOCALIZAÇÃO DE CARGA'!$K$2:$K$702 ) ), "" ) -> FUJIOKA ELETRO IMAGEM S/A - 74675690 | R5: =IF(Q5="","",TRIM(IFERROR(LEFT(LEFT(Q5,FIND(" - ",Q5)-1),FIND("(",LEFT(Q5,FIND(" - ",Q5)-1))-1),LEFT(Q5,FIND(" - ",Q5)-1)))) -> FUJIOKA ELETRO IMAGEM S/A | S5: {=IF(B5="","",IFERROR( INDEX( 'VISÃO LOGISTICA'!$L$2:$L$525, MATCH( TRUE, ISNUMBER(FIND(B5,'VISÃO LOGISTICA'!$A$2:$A$525)), 0 ) ), "" ))} -> RODOVIA ANHANGUERA, RIBEIRAO PRETO/SP/BRASIL (0,01 Km) | T5: =IFERROR( _xlfn.LET( _xlpm.res,_xlfn.XLOOKUP(B5,'LOCALIZAÇÃO DE CARGA'!$A$2:$A$702,'LOCALIZAÇÃO DE CARGA'!$R$2:$R$702), IF(_xlpm.res="","",_xlpm.res) ), "" ) -> GOIANIA/GO/BRASIL
A6: =IF(M6="","",INT(M6)) -> 46157 | B6: 6022065 | C6: =IFERROR( IF(B6="","", IF(I6="Encerrada", "VERIFICAR SMP EM ANDAMENTO", IF(VALUE(SUBSTITUTE(K6,".",""))<100000, "DESCONSIDERA, VALOR NÃO RASTREADO", IF(AND(I6="EM VIAGEM",ISNUMBER(FIND("CAJAMAR/SP",S6))), IF(E6="Patio", "NA PENSKE - COM SMP - AGUARDANDO CARREGAMENTO", "NA PENSKE - COM SMP - AGUARDANDO SAÍDA"), IF(AND(I6="Pré-SMP",ISNUMBER(FIND("CAJAMAR/SP",S6))), IF(E6="Patio", "NA PENSKE - PRÉ-SMP - AGUARDANDO CARREGAMENTO", "NA PENSKE - PRÉ-SMP - AGUARDANDO SAÍDA"), IF(AND(I6="EM VIAGEM",ISNUMBER(FIND("ITAPOA/SC",S6))), "NA CLIF - COM SMP - AGUARDANDO SAÍDA", IF(AND(I6="Pré-SMP",ISNUMBER(FIND("ITAPOA/SC",S6))), "NA CLIF - PRÉ-SMP - AGUARDANDO SAÍDA", IF(I6="EM VIAGEM", "EM VIAGEM", IF(OR(L6="",N6=""), IF(I6="EM VIAGEM","SEM PREVISAO - COM SMP", IF(I6="Pré-SMP","SEM PREVISAO - PRÉ-SMP", "SEM PREVISAO - SEM SMP")), IF(M6>L6, IF(NOW()>N6, IF(E6="Finalizado", IF(I6="EM VIAGEM","CARREGADO - COM SMP", IF(I6="Pré-SMP","CARREGADO - PRÉ-SMP", "CARREGADO - SEM SMP")), IF(I6="EM VIAGEM","ATRASADO CARREGAMENTO - COM SMP - VERIFICAR AGENDAMENTO", IF(I6="Pré-SMP","ATRASADO CARREGAMENTO - PRÉ-SMP - VERIFICAR AGENDAMENTO", "ATRASADO CARREGAMENTO - SEM SMP - VERIFICAR AGENDAMENTO"))), IF(NOW()>L6, IF(I6="EM VIAGEM","ATRASADO ENTREGA - COM SMP - VERIFICAR AGENDAMENTO", IF(I6="Pré-SMP","ATRASADO ENTREGA - PRÉ-SMP - VERIFICAR AGENDAMENTO", "ATRASADO ENTREGA - SEM SMP - VERIFICAR AGENDAMENTO")), "OK NO PRAZO - VERIFICAR AGENDAMENTO")), IF(NOW()>L6, IF(I6="EM VIAGEM","ATRASADO ENTREGA - COM SMP", IF(I6="Pré-SMP","ATRASADO ENTREGA - PRÉ-SMP", "ATRASADO ENTREGA - SEM SMP")), IF(NOW()>N6, IF(E6="Finalizado", IF(I6="EM VIAGEM","CARREGADO - COM SMP", IF(I6="Pré-SMP","CARREGADO - PRÉ-SMP", "CARREGADO - SEM SMP")), IF(I6="EM VIAGEM","ATRASADO CARREGAMENTO - COM SMP", IF(I6="Pré-SMP","ATRASADO CARREGAMENTO - PRÉ-SMP", "ATRASADO CARREGAMENTO - SEM SMP"))), IF(L6-NOW()<=1, "ATENCAO - PROXIMO", "OK - NO PRAZO" ))))))))))))),"") -> EM VIAGEM | E6: =IFERROR( IF( _xlfn.XLOOKUP( B6, 'LOCALIZAÇÃO DE CARGA'!$A$2:$A$702, 'LOCALIZAÇÃO DE CARGA'!$D$2:$D$702 )="", "", _xlfn.XLOOKUP( B6, 'LOCALIZAÇÃO DE CARGA'!$A$2:$A$702, 'LOCALIZAÇÃO DE CARGA'!$D$2:$D$702 ) ), "" ) -> Saida do WH | F6: =IFERROR( IF( _xlfn.XLOOKUP( B6, 'LOCALIZAÇÃO DE CARGA'!$A$2:$A$702, 'LOCALIZAÇÃO DE CARGA'!$H$2:$H$702 )="", "", _xlfn.XLOOKUP( B6, 'LOCALIZAÇÃO DE CARGA'!$A$2:$A$702, 'LOCALIZAÇÃO DE CARGA'!$H$2:$H$702 ) ), "" ) -> LX PANTOS | G6: =IFERROR( IF( _xlfn.XLOOKUP( B6, 'LOCALIZAÇÃO DE CARGA'!$A$2:$A$702, 'LOCALIZAÇÃO DE CARGA'!$I$2:$I$702 )="", "", _xlfn.XLOOKUP( B6, 'LOCALIZAÇÃO DE CARGA'!$A$2:$A$702, 'LOCALIZAÇÃO DE CARGA'!$I$2:$I$702 ) ), "" ) -> LGCAJ | H6: =IFERROR( IF( _xlfn.XLOOKUP( B6, 'LOCALIZAÇÃO DE CARGA'!$A$2:$A$702, 'LOCALIZAÇÃO DE CARGA'!$F$2:$F$702 )="", "", _xlfn.XLOOKUP( B6, 'LOCALIZAÇÃO DE CARGA'!$A$2:$A$702, 'LOCALIZAÇÃO DE CARGA'!$F$2:$F$702 ) ), "" ) -> Andamento | I6: {=IFERROR( IF( INDEX( 'VISÃO LOGISTICA'!$C$2:$C$525, MATCH( TRUE, ISNUMBER(FIND(B6,'VISÃO LOGISTICA'!$A$2:$A$525)), 0 ) )="Em espera", "", INDEX( 'VISÃO LOGISTICA'!$C$2:$C$525, MATCH( TRUE, ISNUMBER(FIND(B6,'VISÃO LOGISTICA'!$A$2:$A$525)), 0 ) ) ), "" )} -> Em Viagem | J6: {=IFERROR( IF( OR( INDEX( 'VISÃO LOGISTICA'!$C$2:$C$2000, MATCH( TRUE, ISNUMBER(FIND(B6,'VISÃO LOGISTICA'!$A$2:$A$2000)), 0 ) )="Em espera", INDEX( 'VISÃO LOGISTICA'!$C$2:$C$2000, MATCH( TRUE, ISNUMBER(FIND(B6,'VISÃO LOGISTICA'!$A$2:$A$2000)), 0 ) )="" ), "", INDEX( 'VISÃO LOGISTICA'!$D$2:$D$2000, MATCH( TRUE, ISNUMBER(FIND(B6,'VISÃO LOGISTICA'!$A$2:$A$2000)), 0 ) ) ), "" )} -> NVQ2B29 | K6: =IFERROR( IF( _xlfn.XLOOKUP( B6, 'LOCALIZAÇÃO DE CARGA'!$A$2:$A$702, 'LOCALIZAÇÃO DE CARGA'!$E$2:$E$702)="", "", _xlfn.XLOOKUP( B6, 'LOCALIZAÇÃO DE CARGA'!$A$2:$A$702, 'LOCALIZAÇÃO DE CARGA'!$E$2:$E$702) ), "" ) -> 1335206 | L6: {=IFERROR( _xlfn.LET( _xlpm.res,_xlfn.XLOOKUP(B6,'LOCALIZAÇÃO DE CARGA'!$A$2:$A$2000,'LOCALIZAÇÃO DE CARGA'!$G$2:$G$2000), IF(_xlpm.res="","",_xlpm.res) ), "" )} -> 46160.174 | M6: {=IFERROR( _xlfn.LET( _xlpm.load,_xlfn.XLOOKUP(B6,'LOCALIZAÇÃO DE CARGA'!$A$2:$A$2000,'LOCALIZAÇÃO DE CARGA'!$A$2:$A$2000), _xlpm.res,_xlfn.XLOOKUP(_xlpm.load,DOCUMENTOS!$A$2:$A$2000,DOCUMENTOS!$D$2:$D$2000), IF(_xlpm.res="","",_xlpm.res) ), "" )} -> 46157.833 | N6: =IFERROR(IF(M6="","",M6-TIME(1,0,0)),"") -> 46157.792 | O6: {=IFERROR( _xlfn.LET( _xlpm.res,_xlfn.XLOOKUP(B6,'LOCALIZAÇÃO DE CARGA'!$A$2:$A$2000,'LOCALIZAÇÃO DE CARGA'!$S$2:$S$2000), IF(_xlpm.res="","",_xlpm.res) ), "" )} -> 46161.292 | P6: {=IFERROR( _xlfn.LET( _xlpm.res,_xlfn.XLOOKUP(B6,'LOCALIZAÇÃO DE CARGA'!$A$2:$A$702,'LOCALIZAÇÃO DE CARGA'!$T$2:$T$702), IF(_xlpm.res="","",_xlpm.res) ), "" )} -> 46158.843 | Q6: =IFERROR( IF( _xlfn.XLOOKUP( B6, 'LOCALIZAÇÃO DE CARGA'!$A$2:$A$702, 'LOCALIZAÇÃO DE CARGA'!$K$2:$K$702 )="", "", _xlfn.XLOOKUP( B6, 'LOCALIZAÇÃO DE CARGA'!$A$2:$A$702, 'LOCALIZAÇÃO DE CARGA'!$K$2:$K$702 ) ), "" ) -> FUJIOKA ELETRO IMAGEM S/A - 74675690 | R6: =IF(Q6="","",TRIM(IFERROR(LEFT(LEFT(Q6,FIND(" - ",Q6)-1),FIND("(",LEFT(Q6,FIND(" - ",Q6)-1))-1),LEFT(Q6,FIND(" - ",Q6)-1)))) -> FUJIOKA ELETRO IMAGEM S/A | S6: {=IF(B6="","",IFERROR( INDEX( 'VISÃO LOGISTICA'!$L$2:$L$525, MATCH( TRUE, ISNUMBER(FIND(B6,'VISÃO LOGISTICA'!$A$2:$A$525)), 0 ) ), "" ))} -> RODOVIA ANHANGUERA, ORLANDIA/SP/BRASIL (4,98 Km) | T6: =IFERROR( _xlfn.LET( _xlpm.res,_xlfn.XLOOKUP(B6,'LOCALIZAÇÃO DE CARGA'!$A$2:$A$702,'LOCALIZAÇÃO DE CARGA'!$R$2:$R$702), IF(_xlpm.res="","",_xlpm.res) ), "" ) -> GOIANIA/GO/BRASIL
A7: =IF(M7="","",INT(M7)) -> 46157 | B7: 6022064 | C7: =IFERROR( IF(B7="","", IF(I7="Encerrada", "VERIFICAR SMP EM ANDAMENTO", IF(VALUE(SUBSTITUTE(K7,".",""))<100000, "DESCONSIDERA, VALOR NÃO RASTREADO", IF(AND(I7="EM VIAGEM",ISNUMBER(FIND("CAJAMAR/SP",S7))), IF(E7="Patio", "NA PENSKE - COM SMP - AGUARDANDO CARREGAMENTO", "NA PENSKE - COM SMP - AGUARDANDO SAÍDA"), IF(AND(I7="Pré-SMP",ISNUMBER(FIND("CAJAMAR/SP",S7))), IF(E7="Patio", "NA PENSKE - PRÉ-SMP - AGUARDANDO CARREGAMENTO", "NA PENSKE - PRÉ-SMP - AGUARDANDO SAÍDA"), IF(AND(I7="EM VIAGEM",ISNUMBER(FIND("ITAPOA/SC",S7))), "NA CLIF - COM SMP - AGUARDANDO SAÍDA", IF(AND(I7="Pré-SMP",ISNUMBER(FIND("ITAPOA/SC",S7))), "NA CLIF - PRÉ-SMP - AGUARDANDO SAÍDA", IF(I7="EM VIAGEM", "EM VIAGEM", IF(OR(L7="",N7=""), IF(I7="EM VIAGEM","SEM PREVISAO - COM SMP", IF(I7="Pré-SMP","SEM PREVISAO - PRÉ-SMP", "SEM PREVISAO - SEM SMP")), IF(M7>L7, IF(NOW()>N7, IF(E7="Finalizado", IF(I7="EM VIAGEM","CARREGADO - COM SMP", IF(I7="Pré-SMP","CARREGADO - PRÉ-SMP", "CARREGADO - SEM SMP")), IF(I7="EM VIAGEM","ATRASADO CARREGAMENTO - COM SMP - VERIFICAR AGENDAMENTO", IF(I7="Pré-SMP","ATRASADO CARREGAMENTO - PRÉ-SMP - VERIFICAR AGENDAMENTO", "ATRASADO CARREGAMENTO - SEM SMP - VERIFICAR AGENDAMENTO"))), IF(NOW()>L7, IF(I7="EM VIAGEM","ATRASADO ENTREGA - COM SMP - VERIFICAR AGENDAMENTO", IF(I7="Pré-SMP","ATRASADO ENTREGA - PRÉ-SMP - VERIFICAR AGENDAMENTO", "ATRASADO ENTREGA - SEM SMP - VERIFICAR AGENDAMENTO")), "OK NO PRAZO - VERIFICAR AGENDAMENTO")), IF(NOW()>L7, IF(I7="EM VIAGEM","ATRASADO ENTREGA - COM SMP", IF(I7="Pré-SMP","ATRASADO ENTREGA - PRÉ-SMP", "ATRASADO ENTREGA - SEM SMP")), IF(NOW()>N7, IF(E7="Finalizado", IF(I7="EM VIAGEM","CARREGADO - COM SMP", IF(I7="Pré-SMP","CARREGADO - PRÉ-SMP", "CARREGADO - SEM SMP")), IF(I7="EM VIAGEM","ATRASADO CARREGAMENTO - COM SMP", IF(I7="Pré-SMP","ATRASADO CARREGAMENTO - PRÉ-SMP", "ATRASADO CARREGAMENTO - SEM SMP"))), IF(L7-NOW()<=1, "ATENCAO - PROXIMO", "OK - NO PRAZO" ))))))))))))),"") -> EM VIAGEM | E7: =IFERROR( IF( _xlfn.XLOOKUP( B7, 'LOCALIZAÇÃO DE CARGA'!$A$2:$A$702, 'LOCALIZAÇÃO DE CARGA'!$D$2:$D$702 )="", "", _xlfn.XLOOKUP( B7, 'LOCALIZAÇÃO DE CARGA'!$A$2:$A$702, 'LOCALIZAÇÃO DE CARGA'!$D$2:$D$702 ) ), "" ) -> Atrasado | F7: =IFERROR( IF( _xlfn.XLOOKUP( B7, 'LOCALIZAÇÃO DE CARGA'!$A$2:$A$702, 'LOCALIZAÇÃO DE CARGA'!$H$2:$H$702 )="", "", _xlfn.XLOOKUP( B7, 'LOCALIZAÇÃO DE CARGA'!$A$2:$A$702, 'LOCALIZAÇÃO DE CARGA'!$H$2:$H$702 ) ), "" ) -> MINAS SUL | G7: =IFERROR( IF( _xlfn.XLOOKUP( B7, 'LOCALIZAÇÃO DE CARGA'!$A$2:$A$702, 'LOCALIZAÇÃO DE CARGA'!$I$2:$I$702 )="", "", _xlfn.XLOOKUP( B7, 'LOCALIZAÇÃO DE CARGA'!$A$2:$A$702, 'LOCALIZAÇÃO DE CARGA'!$I$2:$I$702 ) ), "" ) -> LGCAJ | H7: =IFERROR( IF( _xlfn.XLOOKUP( B7, 'LOCALIZAÇÃO DE CARGA'!$A$2:$A$702, 'LOCALIZAÇÃO DE CARGA'!$F$2:$F$702 )="", "", _xlfn.XLOOKUP( B7, 'LOCALIZAÇÃO DE CARGA'!$A$2:$A$702, 'LOCALIZAÇÃO DE CARGA'!$F$2:$F$702 ) ), "" ) -> Andamento | I7: {=IFERROR( IF( INDEX( 'VISÃO LOGISTICA'!$C$2:$C$525, MATCH( TRUE, ISNUMBER(FIND(B7,'VISÃO LOGISTICA'!$A$2:$A$525)), 0 ) )="Em espera", "", INDEX( 'VISÃO LOGISTICA'!$C$2:$C$525, MATCH( TRUE, ISNUMBER(FIND(B7,'VISÃO LOGISTICA'!$A$2:$A$525)), 0 ) ) ), "" )} -> Em Viagem | J7: {=IFERROR( IF( OR( INDEX( 'VISÃO LOGISTICA'!$C$2:$C$2000, MATCH( TRUE, ISNUMBER(FIND(B7,'VISÃO LOGISTICA'!$A$2:$A$2000)), 0 ) )="Em espera", INDEX( 'VISÃO LOGISTICA'!$C$2:$C$2000, MATCH( TRUE, ISNUMBER(FIND(B7,'VISÃO LOGISTICA'!$A$2:$A$2000)), 0 ) )="" ), "", INDEX( 'VISÃO LOGISTICA'!$D$2:$D$2000, MATCH( TRUE, ISNUMBER(FIND(B7,'VISÃO LOGISTICA'!$A$2:$A$2000)), 0 ) ) ), "" )} -> DBM2B52 | K7: =IFERROR( IF( _xlfn.XLOOKUP( B7, 'LOCALIZAÇÃO DE CARGA'!$A$2:$A$702, 'LOCALIZAÇÃO DE CARGA'!$E$2:$E$702)="", "", _xlfn.XLOOKUP( B7, 'LOCALIZAÇÃO DE CARGA'!$A$2:$A$702, 'LOCALIZAÇÃO DE CARGA'!$E$2:$E$702) ), "" ) -> 1307797 | L7: {=IFERROR( _xlfn.LET( _xlpm.res,_xlfn.XLOOKUP(B7,'LOCALIZAÇÃO DE CARGA'!$A$2:$A$2000,'LOCALIZAÇÃO DE CARGA'!$G$2:$G$2000), IF(_xlpm.res="","",_xlpm.res) ), "" )} -> 46160.174 | M7: {=IFERROR( _xlfn.LET( _xlpm.load,_xlfn.XLOOKUP(B7,'LOCALIZAÇÃO DE CARGA'!$A$2:$A$2000,'LOCALIZAÇÃO DE CARGA'!$A$2:$A$2000), _xlpm.res,_xlfn.XLOOKUP(_xlpm.load,DOCUMENTOS!$A$2:$A$2000,DOCUMENTOS!$D$2:$D$2000), IF(_xlpm.res="","",_xlpm.res) ), "" )} -> 46157.875 | N7: =IFERROR(IF(M7="","",M7-TIME(1,0,0)),"") -> 46157.833 | O7: {=IFERROR( _xlfn.LET( _xlpm.res,_xlfn.XLOOKUP(B7,'LOCALIZAÇÃO DE CARGA'!$A$2:$A$2000,'LOCALIZAÇÃO DE CARGA'!$S$2:$S$2000), IF(_xlpm.res="","",_xlpm.res) ), "" )} -> 46161.292 | P7: {=IFERROR( _xlfn.LET( _xlpm.res,_xlfn.XLOOKUP(B7,'LOCALIZAÇÃO DE CARGA'!$A$2:$A$702,'LOCALIZAÇÃO DE CARGA'!$T$2:$T$702), IF(_xlpm.res="","",_xlpm.res) ), "" )} -> 46158.698 | Q7: =IFERROR( IF( _xlfn.XLOOKUP( B7, 'LOCALIZAÇÃO DE CARGA'!$A$2:$A$702, 'LOCALIZAÇÃO DE CARGA'!$K$2:$K$702 )="", "", _xlfn.XLOOKUP( B7, 'LOCALIZAÇÃO DE CARGA'!$A$2:$A$702, 'LOCALIZAÇÃO DE CARGA'!$K$2:$K$702 ) ), "" ) -> FUJIOKA ELETRO IMAGEM S/A - 74675690 | R7: =IF(Q7="","",TRIM(IFERROR(LEFT(LEFT(Q7,FIND(" - ",Q7)-1),FIND("(",LEFT(Q7,FIND(" - ",Q7)-1))-1),LEFT(Q7,FIND(" - ",Q7)-1)))) -> FUJIOKA ELETRO IMAGEM S/A | S7: {=IF(B7="","",IFERROR( INDEX( 'VISÃO LOGISTICA'!$L$2:$L$525, MATCH( TRUE, ISNUMBER(FIND(B7,'VISÃO LOGISTICA'!$A$2:$A$525)), 0 ) ), "" ))} -> AV CORONEL JOSE TEOFILO, UBERLANDIA/MG/BRASIL (0,19 Km) | T7: =IFERROR( _xlfn.LET( _xlpm.res,_xlfn.XLOOKUP(B7,'LOCALIZAÇÃO DE CARGA'!$A$2:$A$702,'LOCALIZAÇÃO DE CARGA'!$R$2:$R$702), IF(_xlpm.res="","",_xlpm.res) ), "" ) -> GOIANIA/GO/BRASIL
A8: =IF(M8="","",INT(M8)) -> 46160 | B8: 6021677 | C8: =IFERROR( IF(B8="","", IF(I8="Encerrada", "VERIFICAR SMP EM ANDAMENTO", IF(VALUE(SUBSTITUTE(K8,".",""))<100000, "DESCONSIDERA, VALOR NÃO RASTREADO", IF(AND(I8="EM VIAGEM",ISNUMBER(FIND("CAJAMAR/SP",S8))), IF(E8="Patio", "NA PENSKE - COM SMP - AGUARDANDO CARREGAMENTO", "NA PENSKE - COM SMP - AGUARDANDO SAÍDA"), IF(AND(I8="Pré-SMP",ISNUMBER(FIND("CAJAMAR/SP",S8))), IF(E8="Patio", "NA PENSKE - PRÉ-SMP - AGUARDANDO CARREGAMENTO", "NA PENSKE - PRÉ-SMP - AGUARDANDO SAÍDA"), IF(AND(I8="EM VIAGEM",ISNUMBER(FIND("ITAPOA/SC",S8))), "NA CLIF - COM SMP - AGUARDANDO SAÍDA", IF(AND(I8="Pré-SMP",ISNUMBER(FIND("ITAPOA/SC",S8))), "NA CLIF - PRÉ-SMP - AGUARDANDO SAÍDA", IF(I8="EM VIAGEM", "EM VIAGEM", IF(OR(L8="",N8=""), IF(I8="EM VIAGEM","SEM PREVISAO - COM SMP", IF(I8="Pré-SMP","SEM PREVISAO - PRÉ-SMP", "SEM PREVISAO - SEM SMP")), IF(M8>L8, IF(NOW()>N8, IF(E8="Finalizado", IF(I8="EM VIAGEM","CARREGADO - COM SMP", IF(I8="Pré-SMP","CARREGADO - PRÉ-SMP", "CARREGADO - SEM SMP")), IF(I8="EM VIAGEM","ATRASADO CARREGAMENTO - COM SMP - VERIFICAR AGENDAMENTO", IF(I8="Pré-SMP","ATRASADO CARREGAMENTO - PRÉ-SMP - VERIFICAR AGENDAMENTO", "ATRASADO CARREGAMENTO - SEM SMP - VERIFICAR AGENDAMENTO"))), IF(NOW()>L8, IF(I8="EM VIAGEM","ATRASADO ENTREGA - COM SMP - VERIFICAR AGENDAMENTO", IF(I8="Pré-SMP","ATRASADO ENTREGA - PRÉ-SMP - VERIFICAR AGENDAMENTO", "ATRASADO ENTREGA - SEM SMP - VERIFICAR AGENDAMENTO")), "OK NO PRAZO - VERIFICAR AGENDAMENTO")), IF(NOW()>L8, IF(I8="EM VIAGEM","ATRASADO ENTREGA - COM SMP", IF(I8="Pré-SMP","ATRASADO ENTREGA - PRÉ-SMP", "ATRASADO ENTREGA - SEM SMP")), IF(NOW()>N8, IF(E8="Finalizado", IF(I8="EM VIAGEM","CARREGADO - COM SMP", IF(I8="Pré-SMP","CARREGADO - PRÉ-SMP", "CARREGADO - SEM SMP")), IF(I8="EM VIAGEM","ATRASADO CARREGAMENTO - COM SMP", IF(I8="Pré-SMP","ATRASADO CARREGAMENTO - PRÉ-SMP", "ATRASADO CARREGAMENTO - SEM SMP"))), IF(L8-NOW()<=1, "ATENCAO - PROXIMO", "OK - NO PRAZO" ))))))))))))),"") -> OK - NO PRAZO | E8: =IFERROR( IF( _xlfn.XLOOKUP( B8, 'LOCALIZAÇÃO DE CARGA'!$A$2:$A$702, 'LOCALIZAÇÃO DE CARGA'!$D$2:$D$702 )="", "", _xlfn.XLOOKUP( B8, 'LOCALIZAÇÃO DE CARGA'!$A$2:$A$702, 'LOCALIZAÇÃO DE CARGA'!$D$2:$D$702 ) ), "" ) | F8: =IFERROR( IF( _xlfn.XLOOKUP( B8, 'LOCALIZAÇÃO DE CARGA'!$A$2:$A$702, 'LOCALIZAÇÃO DE CARGA'!$H$2:$H$702 )="", "", _xlfn.XLOOKUP( B8, 'LOCALIZAÇÃO DE CARGA'!$A$2:$A$702, 'LOCALIZAÇÃO DE CARGA'!$H$2:$H$702 ) ), "" ) -> LTA SOLUCOES | G8: =IFERROR( IF( _xlfn.XLOOKUP( B8, 'LOCALIZAÇÃO DE CARGA'!$A$2:$A$702, 'LOCALIZAÇÃO DE CARGA'!$I$2:$I$702 )="", "", _xlfn.XLOOKUP( B8, 'LOCALIZAÇÃO DE CARGA'!$A$2:$A$702, 'LOCALIZAÇÃO DE CARGA'!$I$2:$I$702 ) ), "" ) -> LGCAJ | H8: =IFERROR( IF( _xlfn.XLOOKUP( B8, 'LOCALIZAÇÃO DE CARGA'!$A$2:$A$702, 'LOCALIZAÇÃO DE CARGA'!$F$2:$F$702 )="", "", _xlfn.XLOOKUP( B8, 'LOCALIZAÇÃO DE CARGA'!$A$2:$A$702, 'LOCALIZAÇÃO DE CARGA'!$F$2:$F$702 ) ), "" ) -> Não iniciado | I8: {=IFERROR( IF( INDEX( 'VISÃO LOGISTICA'!$C$2:$C$525, MATCH( TRUE, ISNUMBER(FIND(B8,'VISÃO LOGISTICA'!$A$2:$A$525)), 0 ) )="Em espera", "", INDEX( 'VISÃO LOGISTICA'!$C$2:$C$525, MATCH( TRUE, ISNUMBER(FIND(B8,'VISÃO LOGISTICA'!$A$2:$A$525)), 0 ) ) ), "" )} | J8: {=IFERROR( IF( OR( INDEX( 'VISÃO LOGISTICA'!$C$2:$C$2000, MATCH( TRUE, ISNUMBER(FIND(B8,'VISÃO LOGISTICA'!$A$2:$A$2000)), 0 ) )="Em espera", INDEX( 'VISÃO LOGISTICA'!$C$2:$C$2000, MATCH( TRUE, ISNUMBER(FIND(B8,'VISÃO LOGISTICA'!$A$2:$A$2000)), 0 ) )="" ), "", INDEX( 'VISÃO LOGISTICA'!$D$2:$D$2000, MATCH( TRUE, ISNUMBER(FIND(B8,'VISÃO LOGISTICA'!$A$2:$A$2000)), 0 ) ) ), "" )} | K8: =IFERROR( IF( _xlfn.XLOOKUP( B8, 'LOCALIZAÇÃO DE CARGA'!$A$2:$A$702, 'LOCALIZAÇÃO DE CARGA'!$E$2:$E$702)="", "", _xlfn.XLOOKUP( B8, 'LOCALIZAÇÃO DE CARGA'!$A$2:$A$702, 'LOCALIZAÇÃO DE CARGA'!$E$2:$E$702) ), "" ) -> 1296572.4 | L8: {=IFERROR( _xlfn.LET( _xlpm.res,_xlfn.XLOOKUP(B8,'LOCALIZAÇÃO DE CARGA'!$A$2:$A$2000,'LOCALIZAÇÃO DE CARGA'!$G$2:$G$2000), IF(_xlpm.res="","",_xlpm.res) ), "" )} -> 46160.783 | M8: {=IFERROR( _xlfn.LET( _xlpm.load,_xlfn.XLOOKUP(B8,'LOCALIZAÇÃO DE CARGA'!$A$2:$A$2000,'LOCALIZAÇÃO DE CARGA'!$A$2:$A$2000), _xlpm.res,_xlfn.XLOOKUP(_xlpm.load,DOCUMENTOS!$A$2:$A$2000,DOCUMENTOS!$D$2:$D$2000), IF(_xlpm.res="","",_xlpm.res) ), "" )} -> 46160.375 | N8: =IFERROR(IF(M8="","",M8-TIME(1,0,0)),"") -> 46160.333 | O8: {=IFERROR( _xlfn.LET( _xlpm.res,_xlfn.XLOOKUP(B8,'LOCALIZAÇÃO DE CARGA'!$A$2:$A$2000,'LOCALIZAÇÃO DE CARGA'!$S$2:$S$2000), IF(_xlpm.res="","",_xlpm.res) ), "" )} -> 46161.25 | P8: {=IFERROR( _xlfn.LET( _xlpm.res,_xlfn.XLOOKUP(B8,'LOCALIZAÇÃO DE CARGA'!$A$2:$A$702,'LOCALIZAÇÃO DE CARGA'!$T$2:$T$702), IF(_xlpm.res="","",_xlpm.res) ), "" )} | Q8: =IFERROR( IF( _xlfn.XLOOKUP( B8, 'LOCALIZAÇÃO DE CARGA'!$A$2:$A$702, 'LOCALIZAÇÃO DE CARGA'!$K$2:$K$702 )="", "", _xlfn.XLOOKUP( B8, 'LOCALIZAÇÃO DE CARGA'!$A$2:$A$702, 'LOCALIZAÇÃO DE CARGA'!$K$2:$K$702 ) ), "" ) -> GRUPO CASAS BAHIA S.A(CD1401) - 25255030 | R8: =IF(Q8="","",TRIM(IFERROR(LEFT(LEFT(Q8,FIND(" - ",Q8)-1),FIND("(",LEFT(Q8,FIND(" - ",Q8)-1))-1),LEFT(Q8,FIND(" - ",Q8)-1)))) -> GRUPO CASAS BAHIA S.A | S8: {=IF(B8="","",IFERROR( INDEX( 'VISÃO LOGISTICA'!$L$2:$L$525, MATCH( TRUE, ISNUMBER(FIND(B8,'VISÃO LOGISTICA'!$A$2:$A$525)), 0 ) ), "" ))} | T8: =IFERROR( _xlfn.LET( _xlpm.res,_xlfn.XLOOKUP(B8,'LOCALIZAÇÃO DE CARGA'!$A$2:$A$702,'LOCALIZAÇÃO DE CARGA'!$R$2:$R$702), IF(_xlpm.res="","",_xlpm.res) ), "" ) -> DUQUE DE CAXIAS/RJ/BRASIL
A9: =IF(M9="","",INT(M9)) -> 46160 | B9: 6021733 | C9: =IFERROR( IF(B9="","", IF(I9="Encerrada", "VERIFICAR SMP EM ANDAMENTO", IF(VALUE(SUBSTITUTE(K9,".",""))<100000, "DESCONSIDERA, VALOR NÃO RASTREADO", IF(AND(I9="EM VIAGEM",ISNUMBER(FIND("CAJAMAR/SP",S9))), IF(E9="Patio", "NA PENSKE - COM SMP - AGUARDANDO CARREGAMENTO", "NA PENSKE - COM SMP - AGUARDANDO SAÍDA"), IF(AND(I9="Pré-SMP",ISNUMBER(FIND("CAJAMAR/SP",S9))), IF(E9="Patio", "NA PENSKE - PRÉ-SMP - AGUARDANDO CARREGAMENTO", "NA PENSKE - PRÉ-SMP - AGUARDANDO SAÍDA"), IF(AND(I9="EM VIAGEM",ISNUMBER(FIND("ITAPOA/SC",S9))), "NA CLIF - COM SMP - AGUARDANDO SAÍDA", IF(AND(I9="Pré-SMP",ISNUMBER(FIND("ITAPOA/SC",S9))), "NA CLIF - PRÉ-SMP - AGUARDANDO SAÍDA", IF(I9="EM VIAGEM", "EM VIAGEM", IF(OR(L9="",N9=""), IF(I9="EM VIAGEM","SEM PREVISAO - COM SMP", IF(I9="Pré-SMP","SEM PREVISAO - PRÉ-SMP", "SEM PREVISAO - SEM SMP")), IF(M9>L9, IF(NOW()>N9, IF(E9="Finalizado", IF(I9="EM VIAGEM","CARREGADO - COM SMP", IF(I9="Pré-SMP","CARREGADO - PRÉ-SMP", "CARREGADO - SEM SMP")), IF(I9="EM VIAGEM","ATRASADO CARREGAMENTO - COM SMP - VERIFICAR AGENDAMENTO", IF(I9="Pré-SMP","ATRASADO CARREGAMENTO - PRÉ-SMP - VERIFICAR AGENDAMENTO", "ATRASADO CARREGAMENTO - SEM SMP - VERIFICAR AGENDAMENTO"))), IF(NOW()>L9, IF(I9="EM VIAGEM","ATRASADO ENTREGA - COM SMP - VERIFICAR AGENDAMENTO", IF(I9="Pré-SMP","ATRASADO ENTREGA - PRÉ-SMP - VERIFICAR AGENDAMENTO", "ATRASADO ENTREGA - SEM SMP - VERIFICAR AGENDAMENTO")), "OK NO PRAZO - VERIFICAR AGENDAMENTO")), IF(NOW()>L9, IF(I9="EM VIAGEM","ATRASADO ENTREGA - COM SMP", IF(I9="Pré-SMP","ATRASADO ENTREGA - PRÉ-SMP", "ATRASADO ENTREGA - SEM SMP")), IF(NOW()>N9, IF(E9="Finalizado", IF(I9="EM VIAGEM","CARREGADO - COM SMP", IF(I9="Pré-SMP","CARREGADO - PRÉ-SMP", "CARREGADO - SEM SMP")), IF(I9="EM VIAGEM","ATRASADO CARREGAMENTO - COM SMP", IF(I9="Pré-SMP","ATRASADO CARREGAMENTO - PRÉ-SMP", "ATRASADO CARREGAMENTO - SEM SMP"))), IF(L9-NOW()<=1, "ATENCAO - PROXIMO", "OK - NO PRAZO" ))))))))))))),"") -> OK - NO PRAZO | E9: =IFERROR( IF( _xlfn.XLOOKUP( B9, 'LOCALIZAÇÃO DE CARGA'!$A$2:$A$702, 'LOCALIZAÇÃO DE CARGA'!$D$2:$D$702 )="", "", _xlfn.XLOOKUP( B9, 'LOCALIZAÇÃO DE CARGA'!$A$2:$A$702, 'LOCALIZAÇÃO DE CARGA'!$D$2:$D$702 ) ), "" ) | F9: =IFERROR( IF( _xlfn.XLOOKUP( B9, 'LOCALIZAÇÃO DE CARGA'!$A$2:$A$702, 'LOCALIZAÇÃO DE CARGA'!$H$2:$H$702 )="", "", _xlfn.XLOOKUP( B9, 'LOCALIZAÇÃO DE CARGA'!$A$2:$A$702, 'LOCALIZAÇÃO DE CARGA'!$H$2:$H$702 ) ), "" ) -> CABRAL & CAB | G9: =IFERROR( IF( _xlfn.XLOOKUP( B9, 'LOCALIZAÇÃO DE CARGA'!$A$2:$A$702, 'LOCALIZAÇÃO DE CARGA'!$I$2:$I$702 )="", "", _xlfn.XLOOKUP( B9, 'LOCALIZAÇÃO DE CARGA'!$A$2:$A$702, 'LOCALIZAÇÃO DE CARGA'!$I$2:$I$702 ) ), "" ) -> LGREC | H9: =IFERROR( IF( _xlfn.XLOOKUP( B9, 'LOCALIZAÇÃO DE CARGA'!$A$2:$A$702, 'LOCALIZAÇÃO DE CARGA'!$F$2:$F$702 )="", "", _xlfn.XLOOKUP( B9, 'LOCALIZAÇÃO DE CARGA'!$A$2:$A$702, 'LOCALIZAÇÃO DE CARGA'!$F$2:$F$702 ) ), "" ) -> Não iniciado | I9: {=IFERROR( IF( INDEX( 'VISÃO LOGISTICA'!$C$2:$C$525, MATCH( TRUE, ISNUMBER(FIND(B9,'VISÃO LOGISTICA'!$A$2:$A$525)), 0 ) )="Em espera", "", INDEX( 'VISÃO LOGISTICA'!$C$2:$C$525, MATCH( TRUE, ISNUMBER(FIND(B9,'VISÃO LOGISTICA'!$A$2:$A$525)), 0 ) ) ), "" )} | J9: {=IFERROR( IF( OR( INDEX( 'VISÃO LOGISTICA'!$C$2:$C$2000, MATCH( TRUE, ISNUMBER(FIND(B9,'VISÃO LOGISTICA'!$A$2:$A$2000)), 0 ) )="Em espera", INDEX( 'VISÃO LOGISTICA'!$C$2:$C$2000, MATCH( TRUE, ISNUMBER(FIND(B9,'VISÃO LOGISTICA'!$A$2:$A$2000)), 0 ) )="" ), "", INDEX( 'VISÃO LOGISTICA'!$D$2:$D$2000, MATCH( TRUE, ISNUMBER(FIND(B9,'VISÃO LOGISTICA'!$A$2:$A$2000)), 0 ) ) ), "" )} | K9: =IFERROR( IF( _xlfn.XLOOKUP( B9, 'LOCALIZAÇÃO DE CARGA'!$A$2:$A$702, 'LOCALIZAÇÃO DE CARGA'!$E$2:$E$702)="", "", _xlfn.XLOOKUP( B9, 'LOCALIZAÇÃO DE CARGA'!$A$2:$A$702, 'LOCALIZAÇÃO DE CARGA'!$E$2:$E$702) ), "" ) -> 1257605 | L9: {=IFERROR( _xlfn.LET( _xlpm.res,_xlfn.XLOOKUP(B9,'LOCALIZAÇÃO DE CARGA'!$A$2:$A$2000,'LOCALIZAÇÃO DE CARGA'!$G$2:$G$2000), IF(_xlpm.res="","",_xlpm.res) ), "" )} -> 46160.854 | M9: {=IFERROR( _xlfn.LET( _xlpm.load,_xlfn.XLOOKUP(B9,'LOCALIZAÇÃO DE CARGA'!$A$2:$A$2000,'LOCALIZAÇÃO DE CARGA'!$A$2:$A$2000), _xlpm.res,_xlfn.XLOOKUP(_xlpm.load,DOCUMENTOS!$A$2:$A$2000,DOCUMENTOS!$D$2:$D$2000), IF(_xlpm.res="","",_xlpm.res) ), "" )} -> 46160.854 | N9: =IFERROR(IF(M9="","",M9-TIME(1,0,0)),"") -> 46160.812 | O9: {=IFERROR( _xlfn.LET( _xlpm.res,_xlfn.XLOOKUP(B9,'LOCALIZAÇÃO DE CARGA'!$A$2:$A$2000,'LOCALIZAÇÃO DE CARGA'!$S$2:$S$2000), IF(_xlpm.res="","",_xlpm.res) ), "" )} -> 46162.25 | P9: {=IFERROR( _xlfn.LET( _xlpm.res,_xlfn.XLOOKUP(B9,'LOCALIZAÇÃO DE CARGA'!$A$2:$A$702,'LOCALIZAÇÃO DE CARGA'!$T$2:$T$702), IF(_xlpm.res="","",_xlpm.res) ), "" )} | Q9: =IFERROR( IF( _xlfn.XLOOKUP( B9, 'LOCALIZAÇÃO DE CARGA'!$A$2:$A$702, 'LOCALIZAÇÃO DE CARGA'!$K$2:$K$702 )="", "", _xlfn.XLOOKUP( B9, 'LOCALIZAÇÃO DE CARGA'!$A$2:$A$702, 'LOCALIZAÇÃO DE CARGA'!$K$2:$K$702 ) ), "" ) -> GRUPO CASAS BAHIA S.A(CD1400) - 42816270 | R9: =IF(Q9="","",TRIM(IFERROR(LEFT(LEFT(Q9,FIND(" - ",Q9)-1),FIND("(",LEFT(Q9,FIND(" - ",Q9)-1))-1),LEFT(Q9,FIND(" - ",Q9)-1)))) -> GRUPO CASAS BAHIA S.A | S9: {=IF(B9="","",IFERROR( INDEX( 'VISÃO LOGISTICA'!$L$2:$L$525, MATCH( TRUE, ISNUMBER(FIND(B9,'VISÃO LOGISTICA'!$A$2:$A$525)), 0 ) ), "" ))} | T9: =IFERROR( _xlfn.LET( _xlpm.res,_xlfn.XLOOKUP(B9,'LOCALIZAÇÃO DE CARGA'!$A$2:$A$702,'LOCALIZAÇÃO DE CARGA'!$R$2:$R$702), IF(_xlpm.res="","",_xlpm.res) ), "" ) -> CAMACARI/BA/BRASIL
A10: =IF(M10="","",INT(M10)) -> 46160 | B10: 6021734 | C10: =IFERROR( IF(B10="","", IF(I10="Encerrada", "VERIFICAR SMP EM ANDAMENTO", IF(VALUE(SUBSTITUTE(K10,".",""))<100000, "DESCONSIDERA, VALOR NÃO RASTREADO", IF(AND(I10="EM VIAGEM",ISNUMBER(FIND("CAJAMAR/SP",S10))), IF(E10="Patio", "NA PENSKE - COM SMP - AGUARDANDO CARREGAMENTO", "NA PENSKE - COM SMP - AGUARDANDO SAÍDA"), IF(AND(I10="Pré-SMP",ISNUMBER(FIND("CAJAMAR/SP",S10))), IF(E10="Patio", "NA PENSKE - PRÉ-SMP - AGUARDANDO CARREGAMENTO", "NA PENSKE - PRÉ-SMP - AGUARDANDO SAÍDA"), IF(AND(I10="EM VIAGEM",ISNUMBER(FIND("ITAPOA/SC",S10))), "NA CLIF - COM SMP - AGUARDANDO SAÍDA", IF(AND(I10="Pré-SMP",ISNUMBER(FIND("ITAPOA/SC",S10))), "NA CLIF - PRÉ-SMP - AGUARDANDO SAÍDA", IF(I10="EM VIAGEM", "EM VIAGEM", IF(OR(L10="",N10=""), IF(I10="EM VIAGEM","SEM PREVISAO - COM SMP", IF(I10="Pré-SMP","SEM PREVISAO - PRÉ-SMP", "SEM PREVISAO - SEM SMP")), IF(M10>L10, IF(NOW()>N10, IF(E10="Finalizado", IF(I10="EM VIAGEM","CARREGADO - COM SMP", IF(I10="Pré-SMP","CARREGADO - PRÉ-SMP", "CARREGADO - SEM SMP")), IF(I10="EM VIAGEM","ATRASADO CARREGAMENTO - COM SMP - VERIFICAR AGENDAMENTO", IF(I10="Pré-SMP","ATRASADO CARREGAMENTO - PRÉ-SMP - VERIFICAR AGENDAMENTO", "ATRASADO CARREGAMENTO - SEM SMP - VERIFICAR AGENDAMENTO"))), IF(NOW()>L10, IF(I10="EM VIAGEM","ATRASADO ENTREGA - COM SMP - VERIFICAR AGENDAMENTO", IF(I10="Pré-SMP","ATRASADO ENTREGA - PRÉ-SMP - VERIFICAR AGENDAMENTO", "ATRASADO ENTREGA - SEM SMP - VERIFICAR AGENDAMENTO")), "OK NO PRAZO - VERIFICAR AGENDAMENTO")), IF(NOW()>L10, IF(I10="EM VIAGEM","ATRASADO ENTREGA - COM SMP", IF(I10="Pré-SMP","ATRASADO ENTREGA - PRÉ-SMP", "ATRASADO ENTREGA - SEM SMP")), IF(NOW()>N10, IF(E10="Finalizado", IF(I10="EM VIAGEM","CARREGADO - COM SMP", IF(I10="Pré-SMP","CARREGADO - PRÉ-SMP", "CARREGADO - SEM SMP")), IF(I10="EM VIAGEM","ATRASADO CARREGAMENTO - COM SMP", IF(I10="Pré-SMP","ATRASADO CARREGAMENTO - PRÉ-SMP", "ATRASADO CARREGAMENTO - SEM SMP"))), IF(L10-NOW()<=1, "ATENCAO - PROXIMO", "OK - NO PRAZO" ))))))))))))),"") -> OK - NO PRAZO | E10: =IFERROR( IF( _xlfn.XLOOKUP( B10, 'LOCALIZAÇÃO DE CARGA'!$A$2:$A$702, 'LOCALIZAÇÃO DE CARGA'!$D$2:$D$702 )="", "", _xlfn.XLOOKUP( B10, 'LOCALIZAÇÃO DE CARGA'!$A$2:$A$702, 'LOCALIZAÇÃO DE CARGA'!$D$2:$D$702 ) ), "" ) | F10: =IFERROR( IF( _xlfn.XLOOKUP( B10, 'LOCALIZAÇÃO DE CARGA'!$A$2:$A$702, 'LOCALIZAÇÃO DE CARGA'!$H$2:$H$702 )="", "", _xlfn.XLOOKUP( B10, 'LOCALIZAÇÃO DE CARGA'!$A$2:$A$702, 'LOCALIZAÇÃO DE CARGA'!$H$2:$H$702 ) ), "" ) -> RODOPENHA | G10: =IFERROR( IF( _xlfn.XLOOKUP( B10, 'LOCALIZAÇÃO DE CARGA'!$A$2:$A$702, 'LOCALIZAÇÃO DE CARGA'!$I$2:$I$702 )="", "", _xlfn.XLOOKUP( B10, 'LOCALIZAÇÃO DE CARGA'!$A$2:$A$702, 'LOCALIZAÇÃO DE CARGA'!$I$2:$I$702 ) ), "" ) -> LGREC | H10: =IFERROR( IF( _xlfn.XLOOKUP( B10, 'LOCALIZAÇÃO DE CARGA'!$A$2:$A$702, 'LOCALIZAÇÃO DE CARGA'!$F$2:$F$702 )="", "", _xlfn.XLOOKUP( B10, 'LOCALIZAÇÃO DE CARGA'!$A$2:$A$702, 'LOCALIZAÇÃO DE CARGA'!$F$2:$F$702 ) ), "" ) -> Não iniciado | I10: {=IFERROR( IF( INDEX( 'VISÃO LOGISTICA'!$C$2:$C$525, MATCH( TRUE, ISNUMBER(FIND(B10,'VISÃO LOGISTICA'!$A$2:$A$525)), 0 ) )="Em espera", "", INDEX( 'VISÃO LOGISTICA'!$C$2:$C$525, MATCH( TRUE, ISNUMBER(FIND(B10,'VISÃO LOGISTICA'!$A$2:$A$525)), 0 ) ) ), "" )} | J10: {=IFERROR( IF( OR( INDEX( 'VISÃO LOGISTICA'!$C$2:$C$2000, MATCH( TRUE, ISNUMBER(FIND(B10,'VISÃO LOGISTICA'!$A$2:$A$2000)), 0 ) )="Em espera", INDEX( 'VISÃO LOGISTICA'!$C$2:$C$2000, MATCH( TRUE, ISNUMBER(FIND(B10,'VISÃO LOGISTICA'!$A$2:$A$2000)), 0 ) )="" ), "", INDEX( 'VISÃO LOGISTICA'!$D$2:$D$2000, MATCH( TRUE, ISNUMBER(FIND(B10,'VISÃO LOGISTICA'!$A$2:$A$2000)), 0 ) ) ), "" )} | K10: =IFERROR( IF( _xlfn.XLOOKUP( B10, 'LOCALIZAÇÃO DE CARGA'!$A$2:$A$702, 'LOCALIZAÇÃO DE CARGA'!$E$2:$E$702)="", "", _xlfn.XLOOKUP( B10, 'LOCALIZAÇÃO DE CARGA'!$A$2:$A$702, 'LOCALIZAÇÃO DE CARGA'!$E$2:$E$702) ), "" ) -> 1197980.5 | L10: {=IFERROR( _xlfn.LET( _xlpm.res,_xlfn.XLOOKUP(B10,'LOCALIZAÇÃO DE CARGA'!$A$2:$A$2000,'LOCALIZAÇÃO DE CARGA'!$G$2:$G$2000), IF(_xlpm.res="","",_xlpm.res) ), "" )} -> 46160.854 | M10: {=IFERROR( _xlfn.LET( _xlpm.load,_xlfn.XLOOKUP(B10,'LOCALIZAÇÃO DE CARGA'!$A$2:$A$2000,'LOCALIZAÇÃO DE CARGA'!$A$2:$A$2000), _xlpm.res,_xlfn.XLOOKUP(_xlpm.load,DOCUMENTOS!$A$2:$A$2000,DOCUMENTOS!$D$2:$D$2000), IF(_xlpm.res="","",_xlpm.res) ), "" )} -> 46160.854 | N10: =IFERROR(IF(M10="","",M10-TIME(1,0,0)),"") -> 46160.812 | O10: {=IFERROR( _xlfn.LET( _xlpm.res,_xlfn.XLOOKUP(B10,'LOCALIZAÇÃO DE CARGA'!$A$2:$A$2000,'LOCALIZAÇÃO DE CARGA'!$S$2:$S$2000), IF(_xlpm.res="","",_xlpm.res) ), "" )} -> 46162.25 | P10: {=IFERROR( _xlfn.LET( _xlpm.res,_xlfn.XLOOKUP(B10,'LOCALIZAÇÃO DE CARGA'!$A$2:$A$702,'LOCALIZAÇÃO DE CARGA'!$T$2:$T$702), IF(_xlpm.res="","",_xlpm.res) ), "" )} | Q10: =IFERROR( IF( _xlfn.XLOOKUP( B10, 'LOCALIZAÇÃO DE CARGA'!$A$2:$A$702, 'LOCALIZAÇÃO DE CARGA'!$K$2:$K$702 )="", "", _xlfn.XLOOKUP( B10, 'LOCALIZAÇÃO DE CARGA'!$A$2:$A$702, 'LOCALIZAÇÃO DE CARGA'!$K$2:$K$702 ) ), "" ) -> GRUPO CASAS BAHIA S.A(CD1400) - 42816270 | R10: =IF(Q10="","",TRIM(IFERROR(LEFT(LEFT(Q10,FIND(" - ",Q10)-1),FIND("(",LEFT(Q10,FIND(" - ",Q10)-1))-1),LEFT(Q10,FIND(" - ",Q10)-1)))) -> GRUPO CASAS BAHIA S.A | S10: {=IF(B10="","",IFERROR( INDEX( 'VISÃO LOGISTICA'!$L$2:$L$525, MATCH( TRUE, ISNUMBER(FIND(B10,'VISÃO LOGISTICA'!$A$2:$A$525)), 0 ) ), "" ))} | T10: =IFERROR( _xlfn.LET( _xlpm.res,_xlfn.XLOOKUP(B10,'LOCALIZAÇÃO DE CARGA'!$A$2:$A$702,'LOCALIZAÇÃO DE CARGA'!$R$2:$R$702), IF(_xlpm.res="","",_xlpm.res) ), "" ) -> CAMACARI/BA/BRASIL
A11: =IF(M11="","",INT(M11)) -> 46157 | B11: 6022337 | C11: =IFERROR( IF(B11="","", IF(I11="Encerrada", "VERIFICAR SMP EM ANDAMENTO", IF(VALUE(SUBSTITUTE(K11,".",""))<100000, "DESCONSIDERA, VALOR NÃO RASTREADO", IF(AND(I11="EM VIAGEM",ISNUMBER(FIND("CAJAMAR/SP",S11))), IF(E11="Patio", "NA PENSKE - COM SMP - AGUARDANDO CARREGAMENTO", "NA PENSKE - COM SMP - AGUARDANDO SAÍDA"), IF(AND(I11="Pré-SMP",ISNUMBER(FIND("CAJAMAR/SP",S11))), IF(E11="Patio", "NA PENSKE - PRÉ-SMP - AGUARDANDO CARREGAMENTO", "NA PENSKE - PRÉ-SMP - AGUARDANDO SAÍDA"), IF(AND(I11="EM VIAGEM",ISNUMBER(FIND("ITAPOA/SC",S11))), "NA CLIF - COM SMP - AGUARDANDO SAÍDA", IF(AND(I11="Pré-SMP",ISNUMBER(FIND("ITAPOA/SC",S11))), "NA CLIF - PRÉ-SMP - AGUARDANDO SAÍDA", IF(I11="EM VIAGEM", "EM VIAGEM", IF(OR(L11="",N11=""), IF(I11="EM VIAGEM","SEM PREVISAO - COM SMP", IF(I11="Pré-SMP","SEM PREVISAO - PRÉ-SMP", "SEM PREVISAO - SEM SMP")), IF(M11>L11, IF(NOW()>N11, IF(E11="Finalizado", IF(I11="EM VIAGEM","CARREGADO - COM SMP", IF(I11="Pré-SMP","CARREGADO - PRÉ-SMP", "CARREGADO - SEM SMP")), IF(I11="EM VIAGEM","ATRASADO CARREGAMENTO - COM SMP - VERIFICAR AGENDAMENTO", IF(I11="Pré-SMP","ATRASADO CARREGAMENTO - PRÉ-SMP - VERIFICAR AGENDAMENTO", "ATRASADO CARREGAMENTO - SEM SMP - VERIFICAR AGENDAMENTO"))), IF(NOW()>L11, IF(I11="EM VIAGEM","ATRASADO ENTREGA - COM SMP - VERIFICAR AGENDAMENTO", IF(I11="Pré-SMP","ATRASADO ENTREGA - PRÉ-SMP - VERIFICAR AGENDAMENTO", "ATRASADO ENTREGA - SEM SMP - VERIFICAR AGENDAMENTO")), "OK NO PRAZO - VERIFICAR AGENDAMENTO")), IF(NOW()>L11, IF(I11="EM VIAGEM","ATRASADO ENTREGA - COM SMP", IF(I11="Pré-SMP","ATRASADO ENTREGA - PRÉ-SMP", "ATRASADO ENTREGA - SEM SMP")), IF(NOW()>N11, IF(E11="Finalizado", IF(I11="EM VIAGEM","CARREGADO - COM SMP", IF(I11="Pré-SMP","CARREGADO - PRÉ-SMP", "CARREGADO - SEM SMP")), IF(I11="EM VIAGEM","ATRASADO CARREGAMENTO - COM SMP", IF(I11="Pré-SMP","ATRASADO CARREGAMENTO - PRÉ-SMP", "ATRASADO CARREGAMENTO - SEM SMP"))), IF(L11-NOW()<=1, "ATENCAO - PROXIMO", "OK - NO PRAZO" ))))))))))))),"") -> EM VIAGEM | E11: =IFERROR( IF( _xlfn.XLOOKUP( B11, 'LOCALIZAÇÃO DE CARGA'!$A$2:$A$702, 'LOCALIZAÇÃO DE CARGA'!$D$2:$D$702 )="", "", _xlfn.XLOOKUP( B11, 'LOCALIZAÇÃO DE CARGA'!$A$2:$A$702, 'LOCALIZAÇÃO DE CARGA'!$D$2:$D$702 ) ), "" ) -> Saida do WH | F11: =IFERROR( IF( _xlfn.XLOOKUP( B11, 'LOCALIZAÇÃO DE CARGA'!$A$2:$A$702, 'LOCALIZAÇÃO DE CARGA'!$H$2:$H$702 )="", "", _xlfn.XLOOKUP( B11, 'LOCALIZAÇÃO DE CARGA'!$A$2:$A$702, 'LOCALIZAÇÃO DE CARGA'!$H$2:$H$702 ) ), "" ) -> RODOBRAS TR | G11: =IFERROR( IF( _xlfn.XLOOKUP( B11, 'LOCALIZAÇÃO DE CARGA'!$A$2:$A$702, 'LOCALIZAÇÃO DE CARGA'!$I$2:$I$702 )="", "", _xlfn.XLOOKUP( B11, 'LOCALIZAÇÃO DE CARGA'!$A$2:$A$702, 'LOCALIZAÇÃO DE CARGA'!$I$2:$I$702 ) ), "" ) -> LGCAJ | H11: =IFERROR( IF( _xlfn.XLOOKUP( B11, 'LOCALIZAÇÃO DE CARGA'!$A$2:$A$702, 'LOCALIZAÇÃO DE CARGA'!$F$2:$F$702 )="", "", _xlfn.XLOOKUP( B11, 'LOCALIZAÇÃO DE CARGA'!$A$2:$A$702, 'LOCALIZAÇÃO DE CARGA'!$F$2:$F$702 ) ), "" ) -> Andamento | I11: {=IFERROR( IF( INDEX( 'VISÃO LOGISTICA'!$C$2:$C$525, MATCH( TRUE, ISNUMBER(FIND(B11,'VISÃO LOGISTICA'!$A$2:$A$525)), 0 ) )="Em espera", "", INDEX( 'VISÃO LOGISTICA'!$C$2:$C$525, MATCH( TRUE, ISNUMBER(FIND(B11,'VISÃO LOGISTICA'!$A$2:$A$525)), 0 ) ) ), "" )} -> Em Viagem | J11: {=IFERROR( IF( OR( INDEX( 'VISÃO LOGISTICA'!$C$2:$C$2000, MATCH( TRUE, ISNUMBER(FIND(B11,'VISÃO LOGISTICA'!$A$2:$A$2000)), 0 ) )="Em espera", INDEX( 'VISÃO LOGISTICA'!$C$2:$C$2000, MATCH( TRUE, ISNUMBER(FIND(B11,'VISÃO LOGISTICA'!$A$2:$A$2000)), 0 ) )="" ), "", INDEX( 'VISÃO LOGISTICA'!$D$2:$D$2000, MATCH( TRUE, ISNUMBER(FIND(B11,'VISÃO LOGISTICA'!$A$2:$A$2000)), 0 ) ) ), "" )} -> JBY4D00 | K11: =IFERROR( IF( _xlfn.XLOOKUP( B11, 'LOCALIZAÇÃO DE CARGA'!$A$2:$A$702, 'LOCALIZAÇÃO DE CARGA'!$E$2:$E$702)="", "", _xlfn.XLOOKUP( B11, 'LOCALIZAÇÃO DE CARGA'!$A$2:$A$702, 'LOCALIZAÇÃO DE CARGA'!$E$2:$E$702) ), "" ) -> 1140398 | L11: {=IFERROR( _xlfn.LET( _xlpm.res,_xlfn.XLOOKUP(B11,'LOCALIZAÇÃO DE CARGA'!$A$2:$A$2000,'LOCALIZAÇÃO DE CARGA'!$G$2:$G$2000), IF(_xlpm.res="","",_xlpm.res) ), "" )} -> 46159.99 | M11: {=IFERROR( _xlfn.LET( _xlpm.load,_xlfn.XLOOKUP(B11,'LOCALIZAÇÃO DE CARGA'!$A$2:$A$2000,'LOCALIZAÇÃO DE CARGA'!$A$2:$A$2000), _xlpm.res,_xlfn.XLOOKUP(_xlpm.load,DOCUMENTOS!$A$2:$A$2000,DOCUMENTOS!$D$2:$D$2000), IF(_xlpm.res="","",_xlpm.res) ), "" )} -> 46157.583 | N11: =IFERROR(IF(M11="","",M11-TIME(1,0,0)),"") -> 46157.542 | O11: {=IFERROR( _xlfn.LET( _xlpm.res,_xlfn.XLOOKUP(B11,'LOCALIZAÇÃO DE CARGA'!$A$2:$A$2000,'LOCALIZAÇÃO DE CARGA'!$S$2:$S$2000), IF(_xlpm.res="","",_xlpm.res) ), "" )} -> 46161.25 | P11: {=IFERROR( _xlfn.LET( _xlpm.res,_xlfn.XLOOKUP(B11,'LOCALIZAÇÃO DE CARGA'!$A$2:$A$702,'LOCALIZAÇÃO DE CARGA'!$T$2:$T$702), IF(_xlpm.res="","",_xlpm.res) ), "" )} -> 46159.027 | Q11: =IFERROR( IF( _xlfn.XLOOKUP( B11, 'LOCALIZAÇÃO DE CARGA'!$A$2:$A$702, 'LOCALIZAÇÃO DE CARGA'!$K$2:$K$702 )="", "", _xlfn.XLOOKUP( B11, 'LOCALIZAÇÃO DE CARGA'!$A$2:$A$702, 'LOCALIZAÇÃO DE CARGA'!$K$2:$K$702 ) ), "" ) -> CARREFOUR COMERCIO E INDUSTRIA LTDA - 91060410 | R11: =IF(Q11="","",TRIM(IFERROR(LEFT(LEFT(Q11,FIND(" - ",Q11)-1),FIND("(",LEFT(Q11,FIND(" - ",Q11)-1))-1),LEFT(Q11,FIND(" - ",Q11)-1)))) -> CARREFOUR COMERCIO E INDUSTRIA LTDA | S11: {=IF(B11="","",IFERROR( INDEX( 'VISÃO LOGISTICA'!$L$2:$L$525, MATCH( TRUE, ISNUMBER(FIND(B11,'VISÃO LOGISTICA'!$A$2:$A$525)), 0 ) ), "" ))} -> REPRESA, COTIA/SP/BRASIL (0,1 Km) | T11: =IFERROR( _xlfn.LET( _xlpm.res,_xlfn.XLOOKUP(B11,'LOCALIZAÇÃO DE CARGA'!$A$2:$A$702,'LOCALIZAÇÃO DE CARGA'!$R$2:$R$702), IF(_xlpm.res="","",_xlpm.res) ), "" ) -> PORTO ALEGRE/RS/BRASIL
A12: =IF(M12="","",INT(M12)) -> 46157 | B12: 6022057 | C12: =IFERROR( IF(B12="","", IF(I12="Encerrada", "VERIFICAR SMP EM ANDAMENTO", IF(VALUE(SUBSTITUTE(K12,".",""))<100000, "DESCONSIDERA, VALOR NÃO RASTREADO", IF(AND(I12="EM VIAGEM",ISNUMBER(FIND("CAJAMAR/SP",S12))), IF(E12="Patio", "NA PENSKE - COM SMP - AGUARDANDO CARREGAMENTO", "NA PENSKE - COM SMP - AGUARDANDO SAÍDA"), IF(AND(I12="Pré-SMP",ISNUMBER(FIND("CAJAMAR/SP",S12))), IF(E12="Patio", "NA PENSKE - PRÉ-SMP - AGUARDANDO CARREGAMENTO", "NA PENSKE - PRÉ-SMP - AGUARDANDO SAÍDA"), IF(AND(I12="EM VIAGEM",ISNUMBER(FIND("ITAPOA/SC",S12))), "NA CLIF - COM SMP - AGUARDANDO SAÍDA", IF(AND(I12="Pré-SMP",ISNUMBER(FIND("ITAPOA/SC",S12))), "NA CLIF - PRÉ-SMP - AGUARDANDO SAÍDA", IF(I12="EM VIAGEM", "EM VIAGEM", IF(OR(L12="",N12=""), IF(I12="EM VIAGEM","SEM PREVISAO - COM SMP", IF(I12="Pré-SMP","SEM PREVISAO - PRÉ-SMP", "SEM PREVISAO - SEM SMP")), IF(M12>L12, IF(NOW()>N12, IF(E12="Finalizado", IF(I12="EM VIAGEM","CARREGADO - COM SMP", IF(I12="Pré-SMP","CARREGADO - PRÉ-SMP", "CARREGADO - SEM SMP")), IF(I12="EM VIAGEM","ATRASADO CARREGAMENTO - COM SMP - VERIFICAR AGENDAMENTO", IF(I12="Pré-SMP","ATRASADO CARREGAMENTO - PRÉ-SMP - VERIFICAR AGENDAMENTO", "ATRASADO CARREGAMENTO - SEM SMP - VERIFICAR AGENDAMENTO"))), IF(NOW()>L12, IF(I12="EM VIAGEM","ATRASADO ENTREGA - COM SMP - VERIFICAR AGENDAMENTO", IF(I12="Pré-SMP","ATRASADO ENTREGA - PRÉ-SMP - VERIFICAR AGENDAMENTO", "ATRASADO ENTREGA - SEM SMP - VERIFICAR AGENDAMENTO")), "OK NO PRAZO - VERIFICAR AGENDAMENTO")), IF(NOW()>L12, IF(I12="EM VIAGEM","ATRASADO ENTREGA - COM SMP", IF(I12="Pré-SMP","ATRASADO ENTREGA - PRÉ-SMP", "ATRASADO ENTREGA - SEM SMP")), IF(NOW()>N12, IF(E12="Finalizado", IF(I12="EM VIAGEM","CARREGADO - COM SMP", IF(I12="Pré-SMP","CARREGADO - PRÉ-SMP", "CARREGADO - SEM SMP")), IF(I12="EM VIAGEM","ATRASADO CARREGAMENTO - COM SMP", IF(I12="Pré-SMP","ATRASADO CARREGAMENTO - PRÉ-SMP", "ATRASADO CARREGAMENTO - SEM SMP"))), IF(L12-NOW()<=1, "ATENCAO - PROXIMO", "OK - NO PRAZO" ))))))))))))),"") -> EM VIAGEM | E12: =IFERROR( IF( _xlfn.XLOOKUP( B12, 'LOCALIZAÇÃO DE CARGA'!$A$2:$A$702, 'LOCALIZAÇÃO DE CARGA'!$D$2:$D$702 )="", "", _xlfn.XLOOKUP( B12, 'LOCALIZAÇÃO DE CARGA'!$A$2:$A$702, 'LOCALIZAÇÃO DE CARGA'!$D$2:$D$702 ) ), "" ) -> Saida do WH | F12: =IFERROR( IF( _xlfn.XLOOKUP( B12, 'LOCALIZAÇÃO DE CARGA'!$A$2:$A$702, 'LOCALIZAÇÃO DE CARGA'!$H$2:$H$702 )="", "", _xlfn.XLOOKUP( B12, 'LOCALIZAÇÃO DE CARGA'!$A$2:$A$702, 'LOCALIZAÇÃO DE CARGA'!$H$2:$H$702 ) ), "" ) -> TR RAMTHUN | G12: =IFERROR( IF( _xlfn.XLOOKUP( B12, 'LOCALIZAÇÃO DE CARGA'!$A$2:$A$702, 'LOCALIZAÇÃO DE CARGA'!$I$2:$I$702 )="", "", _xlfn.XLOOKUP( B12, 'LOCALIZAÇÃO DE CARGA'!$A$2:$A$702, 'LOCALIZAÇÃO DE CARGA'!$I$2:$I$702 ) ), "" ) -> LGCAJ | H12: =IFERROR( IF( _xlfn.XLOOKUP( B12, 'LOCALIZAÇÃO DE CARGA'!$A$2:$A$702, 'LOCALIZAÇÃO DE CARGA'!$F$2:$F$702 )="", "", _xlfn.XLOOKUP( B12, 'LOCALIZAÇÃO DE CARGA'!$A$2:$A$702, 'LOCALIZAÇÃO DE CARGA'!$F$2:$F$702 ) ), "" ) -> Andamento | I12: {=IFERROR( IF( INDEX( 'VISÃO LOGISTICA'!$C$2:$C$525, MATCH( TRUE, ISNUMBER(FIND(B12,'VISÃO LOGISTICA'!$A$2:$A$525)), 0 ) )="Em espera", "", INDEX( 'VISÃO LOGISTICA'!$C$2:$C$525, MATCH( TRUE, ISNUMBER(FIND(B12,'VISÃO LOGISTICA'!$A$2:$A$525)), 0 ) ) ), "" )} -> Em Viagem | J12: {=IFERROR( IF( OR( INDEX( 'VISÃO LOGISTICA'!$C$2:$C$2000, MATCH( TRUE, ISNUMBER(FIND(B12,'VISÃO LOGISTICA'!$A$2:$A$2000)), 0 ) )="Em espera", INDEX( 'VISÃO LOGISTICA'!$C$2:$C$2000, MATCH( TRUE, ISNUMBER(FIND(B12,'VISÃO LOGISTICA'!$A$2:$A$2000)), 0 ) )="" ), "", INDEX( 'VISÃO LOGISTICA'!$D$2:$D$2000, MATCH( TRUE, ISNUMBER(FIND(B12,'VISÃO LOGISTICA'!$A$2:$A$2000)), 0 ) ) ), "" )} -> QHG5687 | K12: =IFERROR( IF( _xlfn.XLOOKUP( B12, 'LOCALIZAÇÃO DE CARGA'!$A$2:$A$702, 'LOCALIZAÇÃO DE CARGA'!$E$2:$E$702)="", "", _xlfn.XLOOKUP( B12, 'LOCALIZAÇÃO DE CARGA'!$A$2:$A$702, 'LOCALIZAÇÃO DE CARGA'!$E$2:$E$702) ), "" ) -> 983763.28 | L12: {=IFERROR( _xlfn.LET( _xlpm.res,_xlfn.XLOOKUP(B12,'LOCALIZAÇÃO DE CARGA'!$A$2:$A$2000,'LOCALIZAÇÃO DE CARGA'!$G$2:$G$2000), IF(_xlpm.res="","",_xlpm.res) ), "" )} -> 46157.292 | M12: {=IFERROR( _xlfn.LET( _xlpm.load,_xlfn.XLOOKUP(B12,'LOCALIZAÇÃO DE CARGA'!$A$2:$A$2000,'LOCALIZAÇÃO DE CARGA'!$A$2:$A$2000), _xlpm.res,_xlfn.XLOOKUP(_xlpm.load,DOCUMENTOS!$A$2:$A$2000,DOCUMENTOS!$D$2:$D$2000), IF(_xlpm.res="","",_xlpm.res) ), "" )} -> 46157.292 | N12: =IFERROR(IF(M12="","",M12-TIME(1,0,0)),"") -> 46157.25 | O12: {=IFERROR( _xlfn.LET( _xlpm.res,_xlfn.XLOOKUP(B12,'LOCALIZAÇÃO DE CARGA'!$A$2:$A$2000,'LOCALIZAÇÃO DE CARGA'!$S$2:$S$2000), IF(_xlpm.res="","",_xlpm.res) ), "" )} -> 46160.292 | P12: {=IFERROR( _xlfn.LET( _xlpm.res,_xlfn.XLOOKUP(B12,'LOCALIZAÇÃO DE CARGA'!$A$2:$A$702,'LOCALIZAÇÃO DE CARGA'!$T$2:$T$702), IF(_xlpm.res="","",_xlpm.res) ), "" )} -> 46158.875 | Q12: =IFERROR( IF( _xlfn.XLOOKUP( B12, 'LOCALIZAÇÃO DE CARGA'!$A$2:$A$702, 'LOCALIZAÇÃO DE CARGA'!$K$2:$K$702 )="", "", _xlfn.XLOOKUP( B12, 'LOCALIZAÇÃO DE CARGA'!$A$2:$A$702, 'LOCALIZAÇÃO DE CARGA'!$K$2:$K$702 ) ), "" ) -> FUJIOKA ELETRO IMAGEM S/A - 74675690 | R12: =IF(Q12="","",TRIM(IFERROR(LEFT(LEFT(Q12,FIND(" - ",Q12)-1),FIND("(",LEFT(Q12,FIND(" - ",Q12)-1))-1),LEFT(Q12,FIND(" - ",Q12)-1)))) -> FUJIOKA ELETRO IMAGEM S/A | S12: {=IF(B12="","",IFERROR( INDEX( 'VISÃO LOGISTICA'!$L$2:$L$525, MATCH( TRUE, ISNUMBER(FIND(B12,'VISÃO LOGISTICA'!$A$2:$A$525)), 0 ) ), "" ))} -> SANTA CRUZ DA CONCEICAO/SP/BRASIL | T12: =IFERROR( _xlfn.LET( _xlpm.res,_xlfn.XLOOKUP(B12,'LOCALIZAÇÃO DE CARGA'!$A$2:$A$702,'LOCALIZAÇÃO DE CARGA'!$R$2:$R$702), IF(_xlpm.res="","",_xlpm.res) ), "" ) -> GOIANIA/GO/BRASIL
A13: =IF(M13="","",INT(M13)) -> 46157 | B13: 6021910 | C13: =IFERROR( IF(B13="","", IF(I13="Encerrada", "VERIFICAR SMP EM ANDAMENTO", IF(VALUE(SUBSTITUTE(K13,".",""))<100000, "DESCONSIDERA, VALOR NÃO RASTREADO", IF(AND(I13="EM VIAGEM",ISNUMBER(FIND("CAJAMAR/SP",S13))), IF(E13="Patio", "NA PENSKE - COM SMP - AGUARDANDO CARREGAMENTO", "NA PENSKE - COM SMP - AGUARDANDO SAÍDA"), IF(AND(I13="Pré-SMP",ISNUMBER(FIND("CAJAMAR/SP",S13))), IF(E13="Patio", "NA PENSKE - PRÉ-SMP - AGUARDANDO CARREGAMENTO", "NA PENSKE - PRÉ-SMP - AGUARDANDO SAÍDA"), IF(AND(I13="EM VIAGEM",ISNUMBER(FIND("ITAPOA/SC",S13))), "NA CLIF - COM SMP - AGUARDANDO SAÍDA", IF(AND(I13="Pré-SMP",ISNUMBER(FIND("ITAPOA/SC",S13))), "NA CLIF - PRÉ-SMP - AGUARDANDO SAÍDA", IF(I13="EM VIAGEM", "EM VIAGEM", IF(OR(L13="",N13=""), IF(I13="EM VIAGEM","SEM PREVISAO - COM SMP", IF(I13="Pré-SMP","SEM PREVISAO - PRÉ-SMP", "SEM PREVISAO - SEM SMP")), IF(M13>L13, IF(NOW()>N13, IF(E13="Finalizado", IF(I13="EM VIAGEM","CARREGADO - COM SMP", IF(I13="Pré-SMP","CARREGADO - PRÉ-SMP", "CARREGADO - SEM SMP")), IF(I13="EM VIAGEM","ATRASADO CARREGAMENTO - COM SMP - VERIFICAR AGENDAMENTO", IF(I13="Pré-SMP","ATRASADO CARREGAMENTO - PRÉ-SMP - VERIFICAR AGENDAMENTO", "ATRASADO CARREGAMENTO - SEM SMP - VERIFICAR AGENDAMENTO"))), IF(NOW()>L13, IF(I13="EM VIAGEM","ATRASADO ENTREGA - COM SMP - VERIFICAR AGENDAMENTO", IF(I13="Pré-SMP","ATRASADO ENTREGA - PRÉ-SMP - VERIFICAR AGENDAMENTO", "ATRASADO ENTREGA - SEM SMP - VERIFICAR AGENDAMENTO")), "OK NO PRAZO - VERIFICAR AGENDAMENTO")), IF(NOW()>L13, IF(I13="EM VIAGEM","ATRASADO ENTREGA - COM SMP", IF(I13="Pré-SMP","ATRASADO ENTREGA - PRÉ-SMP", "ATRASADO ENTREGA - SEM SMP")), IF(NOW()>N13, IF(E13="Finalizado", IF(I13="EM VIAGEM","CARREGADO - COM SMP", IF(I13="Pré-SMP","CARREGADO - PRÉ-SMP", "CARREGADO - SEM SMP")), IF(I13="EM VIAGEM","ATRASADO CARREGAMENTO - COM SMP", IF(I13="Pré-SMP","ATRASADO CARREGAMENTO - PRÉ-SMP", "ATRASADO CARREGAMENTO - SEM SMP"))), IF(L13-NOW()<=1, "ATENCAO - PROXIMO", "OK - NO PRAZO" ))))))))))))),"") -> EM VIAGEM | E13: =IFERROR( IF( _xlfn.XLOOKUP( B13, 'LOCALIZAÇÃO DE CARGA'!$A$2:$A$702, 'LOCALIZAÇÃO DE CARGA'!$D$2:$D$702 )="", "", _xlfn.XLOOKUP( B13, 'LOCALIZAÇÃO DE CARGA'!$A$2:$A$702, 'LOCALIZAÇÃO DE CARGA'!$D$2:$D$702 ) ), "" ) | F13: =IFERROR( IF( _xlfn.XLOOKUP( B13, 'LOCALIZAÇÃO DE CARGA'!$A$2:$A$702, 'LOCALIZAÇÃO DE CARGA'!$H$2:$H$702 )="", "", _xlfn.XLOOKUP( B13, 'LOCALIZAÇÃO DE CARGA'!$A$2:$A$702, 'LOCALIZAÇÃO DE CARGA'!$H$2:$H$702 ) ), "" ) -> TRANSBOCAYUV | G13: =IFERROR( IF( _xlfn.XLOOKUP( B13, 'LOCALIZAÇÃO DE CARGA'!$A$2:$A$702, 'LOCALIZAÇÃO DE CARGA'!$I$2:$I$702 )="", "", _xlfn.XLOOKUP( B13, 'LOCALIZAÇÃO DE CARGA'!$A$2:$A$702, 'LOCALIZAÇÃO DE CARGA'!$I$2:$I$702 ) ), "" ) -> LGCAJ | H13: =IFERROR( IF( _xlfn.XLOOKUP( B13, 'LOCALIZAÇÃO DE CARGA'!$A$2:$A$702, 'LOCALIZAÇÃO DE CARGA'!$F$2:$F$702 )="", "", _xlfn.XLOOKUP( B13, 'LOCALIZAÇÃO DE CARGA'!$A$2:$A$702, 'LOCALIZAÇÃO DE CARGA'!$F$2:$F$702 ) ), "" ) -> Andamento | I13: {=IFERROR( IF( INDEX( 'VISÃO LOGISTICA'!$C$2:$C$525, MATCH( TRUE, ISNUMBER(FIND(B13,'VISÃO LOGISTICA'!$A$2:$A$525)), 0 ) )="Em espera", "", INDEX( 'VISÃO LOGISTICA'!$C$2:$C$525, MATCH( TRUE, ISNUMBER(FIND(B13,'VISÃO LOGISTICA'!$A$2:$A$525)), 0 ) ) ), "" )} -> Em Viagem | J13: {=IFERROR( IF( OR( INDEX( 'VISÃO LOGISTICA'!$C$2:$C$2000, MATCH( TRUE, ISNUMBER(FIND(B13,'VISÃO LOGISTICA'!$A$2:$A$2000)), 0 ) )="Em espera", INDEX( 'VISÃO LOGISTICA'!$C$2:$C$2000, MATCH( TRUE, ISNUMBER(FIND(B13,'VISÃO LOGISTICA'!$A$2:$A$2000)), 0 ) )="" ), "", INDEX( 'VISÃO LOGISTICA'!$D$2:$D$2000, MATCH( TRUE, ISNUMBER(FIND(B13,'VISÃO LOGISTICA'!$A$2:$A$2000)), 0 ) ) ), "" )} -> LUL7I53 | K13: =IFERROR( IF( _xlfn.XLOOKUP( B13, 'LOCALIZAÇÃO DE CARGA'!$A$2:$A$702, 'LOCALIZAÇÃO DE CARGA'!$E$2:$E$702)="", "", _xlfn.XLOOKUP( B13, 'LOCALIZAÇÃO DE CARGA'!$A$2:$A$702, 'LOCALIZAÇÃO DE CARGA'!$E$2:$E$702) ), "" ) -> 962790.79 | L13: {=IFERROR( _xlfn.LET( _xlpm.res,_xlfn.XLOOKUP(B13,'LOCALIZAÇÃO DE CARGA'!$A$2:$A$2000,'LOCALIZAÇÃO DE CARGA'!$G$2:$G$2000), IF(_xlpm.res="","",_xlpm.res) ), "" )} -> 46159.783 | M13: {=IFERROR( _xlfn.LET( _xlpm.load,_xlfn.XLOOKUP(B13,'LOCALIZAÇÃO DE CARGA'!$A$2:$A$2000,'LOCALIZAÇÃO DE CARGA'!$A$2:$A$2000), _xlpm.res,_xlfn.XLOOKUP(_xlpm.load,DOCUMENTOS!$A$2:$A$2000,DOCUMENTOS!$D$2:$D$2000), IF(_xlpm.res="","",_xlpm.res) ), "" )} -> 46157.708 | N13: =IFERROR(IF(M13="","",M13-TIME(1,0,0)),"") -> 46157.667 | O13: {=IFERROR( _xlfn.LET( _xlpm.res,_xlfn.XLOOKUP(B13,'LOCALIZAÇÃO DE CARGA'!$A$2:$A$2000,'LOCALIZAÇÃO DE CARGA'!$S$2:$S$2000), IF(_xlpm.res="","",_xlpm.res) ), "" )} -> 46160.25 | P13: {=IFERROR( _xlfn.LET( _xlpm.res,_xlfn.XLOOKUP(B13,'LOCALIZAÇÃO DE CARGA'!$A$2:$A$702,'LOCALIZAÇÃO DE CARGA'!$T$2:$T$702), IF(_xlpm.res="","",_xlpm.res) ), "" )} -> 46158.622 | Q13: =IFERROR( IF( _xlfn.XLOOKUP( B13, 'LOCALIZAÇÃO DE CARGA'!$A$2:$A$702, 'LOCALIZAÇÃO DE CARGA'!$K$2:$K$702 )="", "", _xlfn.XLOOKUP( B13, 'LOCALIZAÇÃO DE CARGA'!$A$2:$A$702, 'LOCALIZAÇÃO DE CARGA'!$K$2:$K$702 ) ), "" ) -> GRUPO CASAS BAHIA S.A(CD1401) - 25255030 | R13: =IF(Q13="","",TRIM(IFERROR(LEFT(LEFT(Q13,FIND(" - ",Q13)-1),FIND("(",LEFT(Q13,FIND(" - ",Q13)-1))-1),LEFT(Q13,FIND(" - ",Q13)-1)))) -> GRUPO CASAS BAHIA S.A | S13: {=IF(B13="","",IFERROR( INDEX( 'VISÃO LOGISTICA'!$L$2:$L$525, MATCH( TRUE, ISNUMBER(FIND(B13,'VISÃO LOGISTICA'!$A$2:$A$525)), 0 ) ), "" ))} -> ROSEIRA/SP/BRASIL | T13: =IFERROR( _xlfn.LET( _xlpm.res,_xlfn.XLOOKUP(B13,'LOCALIZAÇÃO DE CARGA'!$A$2:$A$702,'LOCALIZAÇÃO DE CARGA'!$R$2:$R$702), IF(_xlpm.res="","",_xlpm.res) ), "" ) -> DUQUE DE CAXIAS/RJ/BRASIL
A14: =IF(M14="","",INT(M14)) -> 46157 | B14: 6022058 | C14: =IFERROR( IF(B14="","", IF(I14="Encerrada", "VERIFICAR SMP EM ANDAMENTO", IF(VALUE(SUBSTITUTE(K14,".",""))<100000, "DESCONSIDERA, VALOR NÃO RASTREADO", IF(AND(I14="EM VIAGEM",ISNUMBER(FIND("CAJAMAR/SP",S14))), IF(E14="Patio", "NA PENSKE - COM SMP - AGUARDANDO CARREGAMENTO", "NA PENSKE - COM SMP - AGUARDANDO SAÍDA"), IF(AND(I14="Pré-SMP",ISNUMBER(FIND("CAJAMAR/SP",S14))), IF(E14="Patio", "NA PENSKE - PRÉ-SMP - AGUARDANDO CARREGAMENTO", "NA PENSKE - PRÉ-SMP - AGUARDANDO SAÍDA"), IF(AND(I14="EM VIAGEM",ISNUMBER(FIND("ITAPOA/SC",S14))), "NA CLIF - COM SMP - AGUARDANDO SAÍDA", IF(AND(I14="Pré-SMP",ISNUMBER(FIND("ITAPOA/SC",S14))), "NA CLIF - PRÉ-SMP - AGUARDANDO SAÍDA", IF(I14="EM VIAGEM", "EM VIAGEM", IF(OR(L14="",N14=""), IF(I14="EM VIAGEM","SEM PREVISAO - COM SMP", IF(I14="Pré-SMP","SEM PREVISAO - PRÉ-SMP", "SEM PREVISAO - SEM SMP")), IF(M14>L14, IF(NOW()>N14, IF(E14="Finalizado", IF(I14="EM VIAGEM","CARREGADO - COM SMP", IF(I14="Pré-SMP","CARREGADO - PRÉ-SMP", "CARREGADO - SEM SMP")), IF(I14="EM VIAGEM","ATRASADO CARREGAMENTO - COM SMP - VERIFICAR AGENDAMENTO", IF(I14="Pré-SMP","ATRASADO CARREGAMENTO - PRÉ-SMP - VERIFICAR AGENDAMENTO", "ATRASADO CARREGAMENTO - SEM SMP - VERIFICAR AGENDAMENTO"))), IF(NOW()>L14, IF(I14="EM VIAGEM","ATRASADO ENTREGA - COM SMP - VERIFICAR AGENDAMENTO", IF(I14="Pré-SMP","ATRASADO ENTREGA - PRÉ-SMP - VERIFICAR AGENDAMENTO", "ATRASADO ENTREGA - SEM SMP - VERIFICAR AGENDAMENTO")), "OK NO PRAZO - VERIFICAR AGENDAMENTO")), IF(NOW()>L14, IF(I14="EM VIAGEM","ATRASADO ENTREGA - COM SMP", IF(I14="Pré-SMP","ATRASADO ENTREGA - PRÉ-SMP", "ATRASADO ENTREGA - SEM SMP")), IF(NOW()>N14, IF(E14="Finalizado", IF(I14="EM VIAGEM","CARREGADO - COM SMP", IF(I14="Pré-SMP","CARREGADO - PRÉ-SMP", "CARREGADO - SEM SMP")), IF(I14="EM VIAGEM","ATRASADO CARREGAMENTO - COM SMP", IF(I14="Pré-SMP","ATRASADO CARREGAMENTO - PRÉ-SMP", "ATRASADO CARREGAMENTO - SEM SMP"))), IF(L14-NOW()<=1, "ATENCAO - PROXIMO", "OK - NO PRAZO" ))))))))))))),"") -> EM VIAGEM | E14: =IFERROR( IF( _xlfn.XLOOKUP( B14, 'LOCALIZAÇÃO DE CARGA'!$A$2:$A$702, 'LOCALIZAÇÃO DE CARGA'!$D$2:$D$702 )="", "", _xlfn.XLOOKUP( B14, 'LOCALIZAÇÃO DE CARGA'!$A$2:$A$702, 'LOCALIZAÇÃO DE CARGA'!$D$2:$D$702 ) ), "" ) -> Saida do WH | F14: =IFERROR( IF( _xlfn.XLOOKUP( B14, 'LOCALIZAÇÃO DE CARGA'!$A$2:$A$702, 'LOCALIZAÇÃO DE CARGA'!$H$2:$H$702 )="", "", _xlfn.XLOOKUP( B14, 'LOCALIZAÇÃO DE CARGA'!$A$2:$A$702, 'LOCALIZAÇÃO DE CARGA'!$H$2:$H$702 ) ), "" ) -> TR RAMTHUN | G14: =IFERROR( IF( _xlfn.XLOOKUP( B14, 'LOCALIZAÇÃO DE CARGA'!$A$2:$A$702, 'LOCALIZAÇÃO DE CARGA'!$I$2:$I$702 )="", "", _xlfn.XLOOKUP( B14, 'LOCALIZAÇÃO DE CARGA'!$A$2:$A$702, 'LOCALIZAÇÃO DE CARGA'!$I$2:$I$702 ) ), "" ) -> LGCAJ | H14: =IFERROR( IF( _xlfn.XLOOKUP( B14, 'LOCALIZAÇÃO DE CARGA'!$A$2:$A$702, 'LOCALIZAÇÃO DE CARGA'!$F$2:$F$702 )="", "", _xlfn.XLOOKUP( B14, 'LOCALIZAÇÃO DE CARGA'!$A$2:$A$702, 'LOCALIZAÇÃO DE CARGA'!$F$2:$F$702 ) ), "" ) -> Andamento | I14: {=IFERROR( IF( INDEX( 'VISÃO LOGISTICA'!$C$2:$C$525, MATCH( TRUE, ISNUMBER(FIND(B14,'VISÃO LOGISTICA'!$A$2:$A$525)), 0 ) )="Em espera", "", INDEX( 'VISÃO LOGISTICA'!$C$2:$C$525, MATCH( TRUE, ISNUMBER(FIND(B14,'VISÃO LOGISTICA'!$A$2:$A$525)), 0 ) ) ), "" )} -> Em Viagem | J14: {=IFERROR( IF( OR( INDEX( 'VISÃO LOGISTICA'!$C$2:$C$2000, MATCH( TRUE, ISNUMBER(FIND(B14,'VISÃO LOGISTICA'!$A$2:$A$2000)), 0 ) )="Em espera", INDEX( 'VISÃO LOGISTICA'!$C$2:$C$2000, MATCH( TRUE, ISNUMBER(FIND(B14,'VISÃO LOGISTICA'!$A$2:$A$2000)), 0 ) )="" ), "", INDEX( 'VISÃO LOGISTICA'!$D$2:$D$2000, MATCH( TRUE, ISNUMBER(FIND(B14,'VISÃO LOGISTICA'!$A$2:$A$2000)), 0 ) ) ), "" )} -> QHG5687 | K14: =IFERROR( IF( _xlfn.XLOOKUP( B14, 'LOCALIZAÇÃO DE CARGA'!$A$2:$A$702, 'LOCALIZAÇÃO DE CARGA'!$E$2:$E$702)="", "", _xlfn.XLOOKUP( B14, 'LOCALIZAÇÃO DE CARGA'!$A$2:$A$702, 'LOCALIZAÇÃO DE CARGA'!$E$2:$E$702) ), "" ) -> 961503.55 | L14: {=IFERROR( _xlfn.LET( _xlpm.res,_xlfn.XLOOKUP(B14,'LOCALIZAÇÃO DE CARGA'!$A$2:$A$2000,'LOCALIZAÇÃO DE CARGA'!$G$2:$G$2000), IF(_xlpm.res="","",_xlpm.res) ), "" )} -> 46157.292 | M14: {=IFERROR( _xlfn.LET( _xlpm.load,_xlfn.XLOOKUP(B14,'LOCALIZAÇÃO DE CARGA'!$A$2:$A$2000,'LOCALIZAÇÃO DE CARGA'!$A$2:$A$2000), _xlpm.res,_xlfn.XLOOKUP(_xlpm.load,DOCUMENTOS!$A$2:$A$2000,DOCUMENTOS!$D$2:$D$2000), IF(_xlpm.res="","",_xlpm.res) ), "" )} -> 46157.292 | N14: =IFERROR(IF(M14="","",M14-TIME(1,0,0)),"") -> 46157.25 | O14: {=IFERROR( _xlfn.LET( _xlpm.res,_xlfn.XLOOKUP(B14,'LOCALIZAÇÃO DE CARGA'!$A$2:$A$2000,'LOCALIZAÇÃO DE CARGA'!$S$2:$S$2000), IF(_xlpm.res="","",_xlpm.res) ), "" )} -> 46160.292 | P14: {=IFERROR( _xlfn.LET( _xlpm.res,_xlfn.XLOOKUP(B14,'LOCALIZAÇÃO DE CARGA'!$A$2:$A$702,'LOCALIZAÇÃO DE CARGA'!$T$2:$T$702), IF(_xlpm.res="","",_xlpm.res) ), "" )} -> 46158.875 | Q14: =IFERROR( IF( _xlfn.XLOOKUP( B14, 'LOCALIZAÇÃO DE CARGA'!$A$2:$A$702, 'LOCALIZAÇÃO DE CARGA'!$K$2:$K$702 )="", "", _xlfn.XLOOKUP( B14, 'LOCALIZAÇÃO DE CARGA'!$A$2:$A$702, 'LOCALIZAÇÃO DE CARGA'!$K$2:$K$702 ) ), "" ) -> FUJIOKA ELETRO IMAGEM S/A - 74675690 | R14: =IF(Q14="","",TRIM(IFERROR(LEFT(LEFT(Q14,FIND(" - ",Q14)-1),FIND("(",LEFT(Q14,FIND(" - ",Q14)-1))-1),LEFT(Q14,FIND(" - ",Q14)-1)))) -> FUJIOKA ELETRO IMAGEM S/A | S14: {=IF(B14="","",IFERROR( INDEX( 'VISÃO LOGISTICA'!$L$2:$L$525, MATCH( TRUE, ISNUMBER(FIND(B14,'VISÃO LOGISTICA'!$A$2:$A$525)), 0 ) ), "" ))} -> SANTA CRUZ DA CONCEICAO/SP/BRASIL | T14: =IFERROR( _xlfn.LET( _xlpm.res,_xlfn.XLOOKUP(B14,'LOCALIZAÇÃO DE CARGA'!$A$2:$A$702,'LOCALIZAÇÃO DE CARGA'!$R$2:$R$702), IF(_xlpm.res="","",_xlpm.res) ), "" ) -> GOIANIA/GO/BRASIL
A15: =IF(M15="","",INT(M15)) -> 46157 | B15: 6022059 | C15: =IFERROR( IF(B15="","", IF(I15="Encerrada", "VERIFICAR SMP EM ANDAMENTO", IF(VALUE(SUBSTITUTE(K15,".",""))<100000, "DESCONSIDERA, VALOR NÃO RASTREADO", IF(AND(I15="EM VIAGEM",ISNUMBER(FIND("CAJAMAR/SP",S15))), IF(E15="Patio", "NA PENSKE - COM SMP - AGUARDANDO CARREGAMENTO", "NA PENSKE - COM SMP - AGUARDANDO SAÍDA"), IF(AND(I15="Pré-SMP",ISNUMBER(FIND("CAJAMAR/SP",S15))), IF(E15="Patio", "NA PENSKE - PRÉ-SMP - AGUARDANDO CARREGAMENTO", "NA PENSKE - PRÉ-SMP - AGUARDANDO SAÍDA"), IF(AND(I15="EM VIAGEM",ISNUMBER(FIND("ITAPOA/SC",S15))), "NA CLIF - COM SMP - AGUARDANDO SAÍDA", IF(AND(I15="Pré-SMP",ISNUMBER(FIND("ITAPOA/SC",S15))), "NA CLIF - PRÉ-SMP - AGUARDANDO SAÍDA", IF(I15="EM VIAGEM", "EM VIAGEM", IF(OR(L15="",N15=""), IF(I15="EM VIAGEM","SEM PREVISAO - COM SMP", IF(I15="Pré-SMP","SEM PREVISAO - PRÉ-SMP", "SEM PREVISAO - SEM SMP")), IF(M15>L15, IF(NOW()>N15, IF(E15="Finalizado", IF(I15="EM VIAGEM","CARREGADO - COM SMP", IF(I15="Pré-SMP","CARREGADO - PRÉ-SMP", "CARREGADO - SEM SMP")), IF(I15="EM VIAGEM","ATRASADO CARREGAMENTO - COM SMP - VERIFICAR AGENDAMENTO", IF(I15="Pré-SMP","ATRASADO CARREGAMENTO - PRÉ-SMP - VERIFICAR AGENDAMENTO", "ATRASADO CARREGAMENTO - SEM SMP - VERIFICAR AGENDAMENTO"))), IF(NOW()>L15, IF(I15="EM VIAGEM","ATRASADO ENTREGA - COM SMP - VERIFICAR AGENDAMENTO", IF(I15="Pré-SMP","ATRASADO ENTREGA - PRÉ-SMP - VERIFICAR AGENDAMENTO", "ATRASADO ENTREGA - SEM SMP - VERIFICAR AGENDAMENTO")), "OK NO PRAZO - VERIFICAR AGENDAMENTO")), IF(NOW()>L15, IF(I15="EM VIAGEM","ATRASADO ENTREGA - COM SMP", IF(I15="Pré-SMP","ATRASADO ENTREGA - PRÉ-SMP", "ATRASADO ENTREGA - SEM SMP")), IF(NOW()>N15, IF(E15="Finalizado", IF(I15="EM VIAGEM","CARREGADO - COM SMP", IF(I15="Pré-SMP","CARREGADO - PRÉ-SMP", "CARREGADO - SEM SMP")), IF(I15="EM VIAGEM","ATRASADO CARREGAMENTO - COM SMP", IF(I15="Pré-SMP","ATRASADO CARREGAMENTO - PRÉ-SMP", "ATRASADO CARREGAMENTO - SEM SMP"))), IF(L15-NOW()<=1, "ATENCAO - PROXIMO", "OK - NO PRAZO" ))))))))))))),"") -> CARREGADO - SEM SMP | E15: =IFERROR( IF( _xlfn.XLOOKUP( B15, 'LOCALIZAÇÃO DE CARGA'!$A$2:$A$702, 'LOCALIZAÇÃO DE CARGA'!$D$2:$D$702 )="", "", _xlfn.XLOOKUP( B15, 'LOCALIZAÇÃO DE CARGA'!$A$2:$A$702, 'LOCALIZAÇÃO DE CARGA'!$D$2:$D$702 ) ), "" ) -> Finalizado | F15: =IFERROR( IF( _xlfn.XLOOKUP( B15, 'LOCALIZAÇÃO DE CARGA'!$A$2:$A$702, 'LOCALIZAÇÃO DE CARGA'!$H$2:$H$702 )="", "", _xlfn.XLOOKUP( B15, 'LOCALIZAÇÃO DE CARGA'!$A$2:$A$702, 'LOCALIZAÇÃO DE CARGA'!$H$2:$H$702 ) ), "" ) -> VIPE TRANSPO | G15: =IFERROR( IF( _xlfn.XLOOKUP( B15, 'LOCALIZAÇÃO DE CARGA'!$A$2:$A$702, 'LOCALIZAÇÃO DE CARGA'!$I$2:$I$702 )="", "", _xlfn.XLOOKUP( B15, 'LOCALIZAÇÃO DE CARGA'!$A$2:$A$702, 'LOCALIZAÇÃO DE CARGA'!$I$2:$I$702 ) ), "" ) -> LGCAJ | H15: =IFERROR( IF( _xlfn.XLOOKUP( B15, 'LOCALIZAÇÃO DE CARGA'!$A$2:$A$702, 'LOCALIZAÇÃO DE CARGA'!$F$2:$F$702 )="", "", _xlfn.XLOOKUP( B15, 'LOCALIZAÇÃO DE CARGA'!$A$2:$A$702, 'LOCALIZAÇÃO DE CARGA'!$F$2:$F$702 ) ), "" ) -> Andamento | I15: {=IFERROR( IF( INDEX( 'VISÃO LOGISTICA'!$C$2:$C$525, MATCH( TRUE, ISNUMBER(FIND(B15,'VISÃO LOGISTICA'!$A$2:$A$525)), 0 ) )="Em espera", "", INDEX( 'VISÃO LOGISTICA'!$C$2:$C$525, MATCH( TRUE, ISNUMBER(FIND(B15,'VISÃO LOGISTICA'!$A$2:$A$525)), 0 ) ) ), "" )} | J15: {=IFERROR( IF( OR( INDEX( 'VISÃO LOGISTICA'!$C$2:$C$2000, MATCH( TRUE, ISNUMBER(FIND(B15,'VISÃO LOGISTICA'!$A$2:$A$2000)), 0 ) )="Em espera", INDEX( 'VISÃO LOGISTICA'!$C$2:$C$2000, MATCH( TRUE, ISNUMBER(FIND(B15,'VISÃO LOGISTICA'!$A$2:$A$2000)), 0 ) )="" ), "", INDEX( 'VISÃO LOGISTICA'!$D$2:$D$2000, MATCH( TRUE, ISNUMBER(FIND(B15,'VISÃO LOGISTICA'!$A$2:$A$2000)), 0 ) ) ), "" )} -> IST1142 | K15: =IFERROR( IF( _xlfn.XLOOKUP( B15, 'LOCALIZAÇÃO DE CARGA'!$A$2:$A$702, 'LOCALIZAÇÃO DE CARGA'!$E$2:$E$702)="", "", _xlfn.XLOOKUP( B15, 'LOCALIZAÇÃO DE CARGA'!$A$2:$A$702, 'LOCALIZAÇÃO DE CARGA'!$E$2:$E$702) ), "" ) -> 912092.35 | L15: {=IFERROR( _xlfn.LET( _xlpm.res,_xlfn.XLOOKUP(B15,'LOCALIZAÇÃO DE CARGA'!$A$2:$A$2000,'LOCALIZAÇÃO DE CARGA'!$G$2:$G$2000), IF(_xlpm.res="","",_xlpm.res) ), "" )} -> 46159.174 | M15: {=IFERROR( _xlfn.LET( _xlpm.load,_xlfn.XLOOKUP(B15,'LOCALIZAÇÃO DE CARGA'!$A$2:$A$2000,'LOCALIZAÇÃO DE CARGA'!$A$2:$A$2000), _xlpm.res,_xlfn.XLOOKUP(_xlpm.load,DOCUMENTOS!$A$2:$A$2000,DOCUMENTOS!$D$2:$D$2000), IF(_xlpm.res="","",_xlpm.res) ), "" )} -> 46157.625 | N15: =IFERROR(IF(M15="","",M15-TIME(1,0,0)),"") -> 46157.583 | O15: {=IFERROR( _xlfn.LET( _xlpm.res,_xlfn.XLOOKUP(B15,'LOCALIZAÇÃO DE CARGA'!$A$2:$A$2000,'LOCALIZAÇÃO DE CARGA'!$S$2:$S$2000), IF(_xlpm.res="","",_xlpm.res) ), "" )} -> 46160.292 | P15: {=IFERROR( _xlfn.LET( _xlpm.res,_xlfn.XLOOKUP(B15,'LOCALIZAÇÃO DE CARGA'!$A$2:$A$702,'LOCALIZAÇÃO DE CARGA'!$T$2:$T$702), IF(_xlpm.res="","",_xlpm.res) ), "" )} -> 46157.794 | Q15: =IFERROR( IF( _xlfn.XLOOKUP( B15, 'LOCALIZAÇÃO DE CARGA'!$A$2:$A$702, 'LOCALIZAÇÃO DE CARGA'!$K$2:$K$702 )="", "", _xlfn.XLOOKUP( B15, 'LOCALIZAÇÃO DE CARGA'!$A$2:$A$702, 'LOCALIZAÇÃO DE CARGA'!$K$2:$K$702 ) ), "" ) -> FUJIOKA ELETRO IMAGEM S/A - 74675690 | R15: =IF(Q15="","",TRIM(IFERROR(LEFT(LEFT(Q15,FIND(" - ",Q15)-1),FIND("(",LEFT(Q15,FIND(" - ",Q15)-1))-1),LEFT(Q15,FIND(" - ",Q15)-1)))) -> FUJIOKA ELETRO IMAGEM S/A | S15: {=IF(B15="","",IFERROR( INDEX( 'VISÃO LOGISTICA'!$L$2:$L$525, MATCH( TRUE, ISNUMBER(FIND(B15,'VISÃO LOGISTICA'!$A$2:$A$525)), 0 ) ), "" ))} | T15: =IFERROR( _xlfn.LET( _xlpm.res,_xlfn.XLOOKUP(B15,'LOCALIZAÇÃO DE CARGA'!$A$2:$A$702,'LOCALIZAÇÃO DE CARGA'!$R$2:$R$702), IF(_xlpm.res="","",_xlpm.res) ), "" ) -> GOIANIA/GO/BRASIL
A16: =IF(M16="","",INT(M16)) -> 46160 | B16: 6021731 | C16: =IFERROR( IF(B16="","", IF(I16="Encerrada", "VERIFICAR SMP EM ANDAMENTO", IF(VALUE(SUBSTITUTE(K16,".",""))<100000, "DESCONSIDERA, VALOR NÃO RASTREADO", IF(AND(I16="EM VIAGEM",ISNUMBER(FIND("CAJAMAR/SP",S16))), IF(E16="Patio", "NA PENSKE - COM SMP - AGUARDANDO CARREGAMENTO", "NA PENSKE - COM SMP - AGUARDANDO SAÍDA"), IF(AND(I16="Pré-SMP",ISNUMBER(FIND("CAJAMAR/SP",S16))), IF(E16="Patio", "NA PENSKE - PRÉ-SMP - AGUARDANDO CARREGAMENTO", "NA PENSKE - PRÉ-SMP - AGUARDANDO SAÍDA"), IF(AND(I16="EM VIAGEM",ISNUMBER(FIND("ITAPOA/SC",S16))), "NA CLIF - COM SMP - AGUARDANDO SAÍDA", IF(AND(I16="Pré-SMP",ISNUMBER(FIND("ITAPOA/SC",S16))), "NA CLIF - PRÉ-SMP - AGUARDANDO SAÍDA", IF(I16="EM VIAGEM", "EM VIAGEM", IF(OR(L16="",N16=""), IF(I16="EM VIAGEM","SEM PREVISAO - COM SMP", IF(I16="Pré-SMP","SEM PREVISAO - PRÉ-SMP", "SEM PREVISAO - SEM SMP")), IF(M16>L16, IF(NOW()>N16, IF(E16="Finalizado", IF(I16="EM VIAGEM","CARREGADO - COM SMP", IF(I16="Pré-SMP","CARREGADO - PRÉ-SMP", "CARREGADO - SEM SMP")), IF(I16="EM VIAGEM","ATRASADO CARREGAMENTO - COM SMP - VERIFICAR AGENDAMENTO", IF(I16="Pré-SMP","ATRASADO CARREGAMENTO - PRÉ-SMP - VERIFICAR AGENDAMENTO", "ATRASADO CARREGAMENTO - SEM SMP - VERIFICAR AGENDAMENTO"))), IF(NOW()>L16, IF(I16="EM VIAGEM","ATRASADO ENTREGA - COM SMP - VERIFICAR AGENDAMENTO", IF(I16="Pré-SMP","ATRASADO ENTREGA - PRÉ-SMP - VERIFICAR AGENDAMENTO", "ATRASADO ENTREGA - SEM SMP - VERIFICAR AGENDAMENTO")), "OK NO PRAZO - VERIFICAR AGENDAMENTO")), IF(NOW()>L16, IF(I16="EM VIAGEM","ATRASADO ENTREGA - COM SMP", IF(I16="Pré-SMP","ATRASADO ENTREGA - PRÉ-SMP", "ATRASADO ENTREGA - SEM SMP")), IF(NOW()>N16, IF(E16="Finalizado", IF(I16="EM VIAGEM","CARREGADO - COM SMP", IF(I16="Pré-SMP","CARREGADO - PRÉ-SMP", "CARREGADO - SEM SMP")), IF(I16="EM VIAGEM","ATRASADO CARREGAMENTO - COM SMP", IF(I16="Pré-SMP","ATRASADO CARREGAMENTO - PRÉ-SMP", "ATRASADO CARREGAMENTO - SEM SMP"))), IF(L16-NOW()<=1, "ATENCAO - PROXIMO", "OK - NO PRAZO" ))))))))))))),"") -> OK - NO PRAZO | E16: =IFERROR( IF( _xlfn.XLOOKUP( B16, 'LOCALIZAÇÃO DE CARGA'!$A$2:$A$702, 'LOCALIZAÇÃO DE CARGA'!$D$2:$D$702 )="", "", _xlfn.XLOOKUP( B16, 'LOCALIZAÇÃO DE CARGA'!$A$2:$A$702, 'LOCALIZAÇÃO DE CARGA'!$D$2:$D$702 ) ), "" ) | F16: =IFERROR( IF( _xlfn.XLOOKUP( B16, 'LOCALIZAÇÃO DE CARGA'!$A$2:$A$702, 'LOCALIZAÇÃO DE CARGA'!$H$2:$H$702 )="", "", _xlfn.XLOOKUP( B16, 'LOCALIZAÇÃO DE CARGA'!$A$2:$A$702, 'LOCALIZAÇÃO DE CARGA'!$H$2:$H$702 ) ), "" ) -> BACHMANN TR | G16: =IFERROR( IF( _xlfn.XLOOKUP( B16, 'LOCALIZAÇÃO DE CARGA'!$A$2:$A$702, 'LOCALIZAÇÃO DE CARGA'!$I$2:$I$702 )="", "", _xlfn.XLOOKUP( B16, 'LOCALIZAÇÃO DE CARGA'!$A$2:$A$702, 'LOCALIZAÇÃO DE CARGA'!$I$2:$I$702 ) ), "" ) -> LGREC | H16: =IFERROR( IF( _xlfn.XLOOKUP( B16, 'LOCALIZAÇÃO DE CARGA'!$A$2:$A$702, 'LOCALIZAÇÃO DE CARGA'!$F$2:$F$702 )="", "", _xlfn.XLOOKUP( B16, 'LOCALIZAÇÃO DE CARGA'!$A$2:$A$702, 'LOCALIZAÇÃO DE CARGA'!$F$2:$F$702 ) ), "" ) -> Não iniciado | I16: {=IFERROR( IF( INDEX( 'VISÃO LOGISTICA'!$C$2:$C$525, MATCH( TRUE, ISNUMBER(FIND(B16,'VISÃO LOGISTICA'!$A$2:$A$525)), 0 ) )="Em espera", "", INDEX( 'VISÃO LOGISTICA'!$C$2:$C$525, MATCH( TRUE, ISNUMBER(FIND(B16,'VISÃO LOGISTICA'!$A$2:$A$525)), 0 ) ) ), "" )} | J16: {=IFERROR( IF( OR( INDEX( 'VISÃO LOGISTICA'!$C$2:$C$2000, MATCH( TRUE, ISNUMBER(FIND(B16,'VISÃO LOGISTICA'!$A$2:$A$2000)), 0 ) )="Em espera", INDEX( 'VISÃO LOGISTICA'!$C$2:$C$2000, MATCH( TRUE, ISNUMBER(FIND(B16,'VISÃO LOGISTICA'!$A$2:$A$2000)), 0 ) )="" ), "", INDEX( 'VISÃO LOGISTICA'!$D$2:$D$2000, MATCH( TRUE, ISNUMBER(FIND(B16,'VISÃO LOGISTICA'!$A$2:$A$2000)), 0 ) ) ), "" )} | K16: =IFERROR( IF( _xlfn.XLOOKUP( B16, 'LOCALIZAÇÃO DE CARGA'!$A$2:$A$702, 'LOCALIZAÇÃO DE CARGA'!$E$2:$E$702)="", "", _xlfn.XLOOKUP( B16, 'LOCALIZAÇÃO DE CARGA'!$A$2:$A$702, 'LOCALIZAÇÃO DE CARGA'!$E$2:$E$702) ), "" ) -> 898487 | L16: {=IFERROR( _xlfn.LET( _xlpm.res,_xlfn.XLOOKUP(B16,'LOCALIZAÇÃO DE CARGA'!$A$2:$A$2000,'LOCALIZAÇÃO DE CARGA'!$G$2:$G$2000), IF(_xlpm.res="","",_xlpm.res) ), "" )} -> 46160.896 | M16: {=IFERROR( _xlfn.LET( _xlpm.load,_xlfn.XLOOKUP(B16,'LOCALIZAÇÃO DE CARGA'!$A$2:$A$2000,'LOCALIZAÇÃO DE CARGA'!$A$2:$A$2000), _xlpm.res,_xlfn.XLOOKUP(_xlpm.load,DOCUMENTOS!$A$2:$A$2000,DOCUMENTOS!$D$2:$D$2000), IF(_xlpm.res="","",_xlpm.res) ), "" )} -> 46160.896 | N16: =IFERROR(IF(M16="","",M16-TIME(1,0,0)),"") -> 46160.854 | O16: {=IFERROR( _xlfn.LET( _xlpm.res,_xlfn.XLOOKUP(B16,'LOCALIZAÇÃO DE CARGA'!$A$2:$A$2000,'LOCALIZAÇÃO DE CARGA'!$S$2:$S$2000), IF(_xlpm.res="","",_xlpm.res) ), "" )} -> 46162.25 | P16: {=IFERROR( _xlfn.LET( _xlpm.res,_xlfn.XLOOKUP(B16,'LOCALIZAÇÃO DE CARGA'!$A$2:$A$702,'LOCALIZAÇÃO DE CARGA'!$T$2:$T$702), IF(_xlpm.res="","",_xlpm.res) ), "" )} | Q16: =IFERROR( IF( _xlfn.XLOOKUP( B16, 'LOCALIZAÇÃO DE CARGA'!$A$2:$A$702, 'LOCALIZAÇÃO DE CARGA'!$K$2:$K$702 )="", "", _xlfn.XLOOKUP( B16, 'LOCALIZAÇÃO DE CARGA'!$A$2:$A$702, 'LOCALIZAÇÃO DE CARGA'!$K$2:$K$702 ) ), "" ) -> GRUPO CASAS BAHIA S.A(CD1877) - 61935180 | R16: =IF(Q16="","",TRIM(IFERROR(LEFT(LEFT(Q16,FIND(" - ",Q16)-1),FIND("(",LEFT(Q16,FIND(" - ",Q16)-1))-1),LEFT(Q16,FIND(" - ",Q16)-1)))) -> GRUPO CASAS BAHIA S.A | S16: {=IF(B16="","",IFERROR( INDEX( 'VISÃO LOGISTICA'!$L$2:$L$525, MATCH( TRUE, ISNUMBER(FIND(B16,'VISÃO LOGISTICA'!$A$2:$A$525)), 0 ) ), "" ))} | T16: =IFERROR( _xlfn.LET( _xlpm.res,_xlfn.XLOOKUP(B16,'LOCALIZAÇÃO DE CARGA'!$A$2:$A$702,'LOCALIZAÇÃO DE CARGA'!$R$2:$R$702), IF(_xlpm.res="","",_xlpm.res) ), "" ) -> MARACANAU/CE/BRASIL
... A107: =IF(M107="","",INT(M107)) -> 46157 | B107: 6022595 | C107: =IFERROR( IF(B107="","", IF(I107="Encerrada", "VERIFICAR SMP EM ANDAMENTO", IF(VALUE(SUBSTITUTE(K107,".",""))<100000, "DESCONSIDERA, VALOR NÃO RASTREADO", IF(AND(I107="EM VIAGEM",ISNUMBER(FIND("CAJAMAR/SP",S107))), IF(E107="Patio", "NA PENSKE - COM SMP - AGUARDANDO CARREGAMENTO", "NA PENSKE - COM SMP - AGUARDANDO SAÍDA"), IF(AND(I107="Pré-SMP",ISNUMBER(FIND("CAJAMAR/SP",S107))), IF(E107="Patio", "NA PENSKE - PRÉ-SMP - AGUARDANDO CARREGAMENTO", "NA PENSKE - PRÉ-SMP - AGUARDANDO SAÍDA"), IF(AND(I107="EM VIAGEM",ISNUMBER(FIND("ITAPOA/SC",S107))), "NA CLIF - COM SMP - AGUARDANDO SAÍDA", IF(AND(I107="Pré-SMP",ISNUMBER(FIND("ITAPOA/SC",S107))), "NA CLIF - PRÉ-SMP - AGUARDANDO SAÍDA", IF(I107="EM VIAGEM", "EM VIAGEM", IF(OR(L107="",N107=""), IF(I107="EM VIAGEM","SEM PREVISAO - COM SMP", IF(I107="Pré-SMP","SEM PREVISAO - PRÉ-SMP", "SEM PREVISAO - SEM SMP")), IF(M107>L107, IF(NOW()>N107, IF(E107="Finalizado", IF(I107="EM VIAGEM","CARREGADO - COM SMP", IF(I107="Pré-SMP","CARREGADO - PRÉ-SMP", "CARREGADO - SEM SMP")), IF(I107="EM VIAGEM","ATRASADO CARREGAMENTO - COM SMP - VERIFICAR AGENDAMENTO", IF(I107="Pré-SMP","ATRASADO CARREGAMENTO - PRÉ-SMP - VERIFICAR AGENDAMENTO", "ATRASADO CARREGAMENTO - SEM SMP - VERIFICAR AGENDAMENTO"))), IF(NOW()>L107, IF(I107="EM VIAGEM","ATRASADO ENTREGA - COM SMP - VERIFICAR AGENDAMENTO", IF(I107="Pré-SMP","ATRASADO ENTREGA - PRÉ-SMP - VERIFICAR AGENDAMENTO", "ATRASADO ENTREGA - SEM SMP - VERIFICAR AGENDAMENTO")), "OK NO PRAZO - VERIFICAR AGENDAMENTO")), IF(NOW()>L107, IF(I107="EM VIAGEM","ATRASADO ENTREGA - COM SMP", IF(I107="Pré-SMP","ATRASADO ENTREGA - PRÉ-SMP", "ATRASADO ENTREGA - SEM SMP")), IF(NOW()>N107, IF(E107="Finalizado", IF(I107="EM VIAGEM","CARREGADO - COM SMP", IF(I107="Pré-SMP","CARREGADO - PRÉ-SMP", "CARREGADO - SEM SMP")), IF(I107="EM VIAGEM","ATRASADO CARREGAMENTO - COM SMP", IF(I107="Pré-SMP","ATRASADO CARREGAMENTO - PRÉ-SMP", "ATRASADO CARREGAMENTO - SEM SMP"))), IF(L107-NOW()<=1, "ATENCAO - PROXIMO", "OK - NO PRAZO" ))))))))))))),"") -> EM VIAGEM | E107: =IFERROR( IF( _xlfn.XLOOKUP( B107, 'LOCALIZAÇÃO DE CARGA'!$A$2:$A$702, 'LOCALIZAÇÃO DE CARGA'!$D$2:$D$702 )="", "", _xlfn.XLOOKUP( B107, 'LOCALIZAÇÃO DE CARGA'!$A$2:$A$702, 'LOCALIZAÇÃO DE CARGA'!$D$2:$D$702 ) ), "" ) | F107: =IFERROR( IF( _xlfn.XLOOKUP( B107, 'LOCALIZAÇÃO DE CARGA'!$A$2:$A$702, 'LOCALIZAÇÃO DE CARGA'!$H$2:$H$702 )="", "", _xlfn.XLOOKUP( B107, 'LOCALIZAÇÃO DE CARGA'!$A$2:$A$702, 'LOCALIZAÇÃO DE CARGA'!$H$2:$H$702 ) ), "" ) -> SUL CONTINEN | G107: =IFERROR( IF( _xlfn.XLOOKUP( B107, 'LOCALIZAÇÃO DE CARGA'!$A$2:$A$702, 'LOCALIZAÇÃO DE CARGA'!$I$2:$I$702 )="", "", _xlfn.XLOOKUP( B107, 'LOCALIZAÇÃO DE CARGA'!$A$2:$A$702, 'LOCALIZAÇÃO DE CARGA'!$I$2:$I$702 ) ), "" ) -> LGSCT | H107: =IFERROR( IF( _xlfn.XLOOKUP( B107, 'LOCALIZAÇÃO DE CARGA'!$A$2:$A$702, 'LOCALIZAÇÃO DE CARGA'!$F$2:$F$702 )="", "", _xlfn.XLOOKUP( B107, 'LOCALIZAÇÃO DE CARGA'!$A$2:$A$702, 'LOCALIZAÇÃO DE CARGA'!$F$2:$F$702 ) ), "" ) -> Andamento | I107: {=IFERROR( IF( INDEX( 'VISÃO LOGISTICA'!$C$2:$C$525, MATCH( TRUE, ISNUMBER(FIND(B107,'VISÃO LOGISTICA'!$A$2:$A$525)), 0 ) )="Em espera", "", INDEX( 'VISÃO LOGISTICA'!$C$2:$C$525, MATCH( TRUE, ISNUMBER(FIND(B107,'VISÃO LOGISTICA'!$A$2:$A$525)), 0 ) ) ), "" )} -> Em Viagem | J107: {=IFERROR( IF( OR( INDEX( 'VISÃO LOGISTICA'!$C$2:$C$2000, MATCH( TRUE, ISNUMBER(FIND(B107,'VISÃO LOGISTICA'!$A$2:$A$2000)), 0 ) )="Em espera", INDEX( 'VISÃO LOGISTICA'!$C$2:$C$2000, MATCH( TRUE, ISNUMBER(FIND(B107,'VISÃO LOGISTICA'!$A$2:$A$2000)), 0 ) )="" ), "", INDEX( 'VISÃO LOGISTICA'!$D$2:$D$2000, MATCH( TRUE, ISNUMBER(FIND(B107,'VISÃO LOGISTICA'!$A$2:$A$2000)), 0 ) ) ), "" )} -> RLB8F85 | K107: =IFERROR( IF( _xlfn.XLOOKUP( B107, 'LOCALIZAÇÃO DE CARGA'!$A$2:$A$702, 'LOCALIZAÇÃO DE CARGA'!$E$2:$E$702)="", "", _xlfn.XLOOKUP( B107, 'LOCALIZAÇÃO DE CARGA'!$A$2:$A$702, 'LOCALIZAÇÃO DE CARGA'!$E$2:$E$702) ), "" ) -> 164688.75 | L107: {=IFERROR( _xlfn.LET( _xlpm.res,_xlfn.XLOOKUP(B107,'LOCALIZAÇÃO DE CARGA'!$A$2:$A$2000,'LOCALIZAÇÃO DE CARGA'!$G$2:$G$2000), IF(_xlpm.res="","",_xlpm.res) ), "" )} -> 46162.833 | M107: {=IFERROR( _xlfn.LET( _xlpm.load,_xlfn.XLOOKUP(B107,'LOCALIZAÇÃO DE CARGA'!$A$2:$A$2000,'LOCALIZAÇÃO DE CARGA'!$A$2:$A$2000), _xlpm.res,_xlfn.XLOOKUP(_xlpm.load,DOCUMENTOS!$A$2:$A$2000,DOCUMENTOS!$D$2:$D$2000), IF(_xlpm.res="","",_xlpm.res) ), "" )} -> 46157.604 | N107: =IFERROR(IF(M107="","",M107-TIME(1,0,0)),"") -> 46157.562 | O107: {=IFERROR( _xlfn.LET( _xlpm.res,_xlfn.XLOOKUP(B107,'LOCALIZAÇÃO DE CARGA'!$A$2:$A$2000,'LOCALIZAÇÃO DE CARGA'!$S$2:$S$2000), IF(_xlpm.res="","",_xlpm.res) ), "" )} -> 46163.25 | P107: {=IFERROR( _xlfn.LET( _xlpm.res,_xlfn.XLOOKUP(B107,'LOCALIZAÇÃO DE CARGA'!$A$2:$A$702,'LOCALIZAÇÃO DE CARGA'!$T$2:$T$702), IF(_xlpm.res="","",_xlpm.res) ), "" )} -> 46158.631 | Q107: =IFERROR( IF( _xlfn.XLOOKUP( B107, 'LOCALIZAÇÃO DE CARGA'!$A$2:$A$702, 'LOCALIZAÇÃO DE CARGA'!$K$2:$K$702 )="", "", _xlfn.XLOOKUP( B107, 'LOCALIZAÇÃO DE CARGA'!$A$2:$A$702, 'LOCALIZAÇÃO DE CARGA'!$K$2:$K$702 ) ), "" ) -> MAGAZINE LUIZA S/A (CD5200) - 94100420 | R107: =IF(Q107="","",TRIM(IFERROR(LEFT(LEFT(Q107,FIND(" - ",Q107)-1),FIND("(",LEFT(Q107,FIND(" - ",Q107)-1))-1),LEFT(Q107,FIND(" - ",Q107)-1)))) -> MAGAZINE LUIZA S/A | S107: {=IF(B107="","",IFERROR( INDEX( 'VISÃO LOGISTICA'!$L$2:$L$525, MATCH( TRUE, ISNUMBER(FIND(B107,'VISÃO LOGISTICA'!$A$2:$A$525)), 0 ) ), "" ))} -> RUA MIL SEISCENTOS E DEZESSETE, IÇARA/SC/BRASIL (7,83 Km) | T107: =IFERROR( _xlfn.LET( _xlpm.res,_xlfn.XLOOKUP(B107,'LOCALIZAÇÃO DE CARGA'!$A$2:$A$702,'LOCALIZAÇÃO DE CARGA'!$R$2:$R$702), IF(_xlpm.res="","",_xlpm.res) ), "" ) -> GRAVATAI/RS/BRASIL
A108: =IF(M108="","",INT(M108)) -> 46157 | B108: 6023431 | C108: =IFERROR( IF(B108="","", IF(I108="Encerrada", "VERIFICAR SMP EM ANDAMENTO", IF(VALUE(SUBSTITUTE(K108,".",""))<100000, "DESCONSIDERA, VALOR NÃO RASTREADO", IF(AND(I108="EM VIAGEM",ISNUMBER(FIND("CAJAMAR/SP",S108))), IF(E108="Patio", "NA PENSKE - COM SMP - AGUARDANDO CARREGAMENTO", "NA PENSKE - COM SMP - AGUARDANDO SAÍDA"), IF(AND(I108="Pré-SMP",ISNUMBER(FIND("CAJAMAR/SP",S108))), IF(E108="Patio", "NA PENSKE - PRÉ-SMP - AGUARDANDO CARREGAMENTO", "NA PENSKE - PRÉ-SMP - AGUARDANDO SAÍDA"), IF(AND(I108="EM VIAGEM",ISNUMBER(FIND("ITAPOA/SC",S108))), "NA CLIF - COM SMP - AGUARDANDO SAÍDA", IF(AND(I108="Pré-SMP",ISNUMBER(FIND("ITAPOA/SC",S108))), "NA CLIF - PRÉ-SMP - AGUARDANDO SAÍDA", IF(I108="EM VIAGEM", "EM VIAGEM", IF(OR(L108="",N108=""), IF(I108="EM VIAGEM","SEM PREVISAO - COM SMP", IF(I108="Pré-SMP","SEM PREVISAO - PRÉ-SMP", "SEM PREVISAO - SEM SMP")), IF(M108>L108, IF(NOW()>N108, IF(E108="Finalizado", IF(I108="EM VIAGEM","CARREGADO - COM SMP", IF(I108="Pré-SMP","CARREGADO - PRÉ-SMP", "CARREGADO - SEM SMP")), IF(I108="EM VIAGEM","ATRASADO CARREGAMENTO - COM SMP - VERIFICAR AGENDAMENTO", IF(I108="Pré-SMP","ATRASADO CARREGAMENTO - PRÉ-SMP - VERIFICAR AGENDAMENTO", "ATRASADO CARREGAMENTO - SEM SMP - VERIFICAR AGENDAMENTO"))), IF(NOW()>L108, IF(I108="EM VIAGEM","ATRASADO ENTREGA - COM SMP - VERIFICAR AGENDAMENTO", IF(I108="Pré-SMP","ATRASADO ENTREGA - PRÉ-SMP - VERIFICAR AGENDAMENTO", "ATRASADO ENTREGA - SEM SMP - VERIFICAR AGENDAMENTO")), "OK NO PRAZO - VERIFICAR AGENDAMENTO")), IF(NOW()>L108, IF(I108="EM VIAGEM","ATRASADO ENTREGA - COM SMP", IF(I108="Pré-SMP","ATRASADO ENTREGA - PRÉ-SMP", "ATRASADO ENTREGA - SEM SMP")), IF(NOW()>N108, IF(E108="Finalizado", IF(I108="EM VIAGEM","CARREGADO - COM SMP", IF(I108="Pré-SMP","CARREGADO - PRÉ-SMP", "CARREGADO - SEM SMP")), IF(I108="EM VIAGEM","ATRASADO CARREGAMENTO - COM SMP", IF(I108="Pré-SMP","ATRASADO CARREGAMENTO - PRÉ-SMP", "ATRASADO CARREGAMENTO - SEM SMP"))), IF(L108-NOW()<=1, "ATENCAO - PROXIMO", "OK - NO PRAZO" ))))))))))))),"") -> ATRASADO ENTREGA - SEM SMP | E108: =IFERROR( IF( _xlfn.XLOOKUP( B108, 'LOCALIZAÇÃO DE CARGA'!$A$2:$A$702, 'LOCALIZAÇÃO DE CARGA'!$D$2:$D$702 )="", "", _xlfn.XLOOKUP( B108, 'LOCALIZAÇÃO DE CARGA'!$A$2:$A$702, 'LOCALIZAÇÃO DE CARGA'!$D$2:$D$702 ) ), "" ) -> Saida do WH | F108: =IFERROR( IF( _xlfn.XLOOKUP( B108, 'LOCALIZAÇÃO DE CARGA'!$A$2:$A$702, 'LOCALIZAÇÃO DE CARGA'!$H$2:$H$702 )="", "", _xlfn.XLOOKUP( B108, 'LOCALIZAÇÃO DE CARGA'!$A$2:$A$702, 'LOCALIZAÇÃO DE CARGA'!$H$2:$H$702 ) ), "" ) -> VIPE TRANSPO | G108: =IFERROR( IF( _xlfn.XLOOKUP( B108, 'LOCALIZAÇÃO DE CARGA'!$A$2:$A$702, 'LOCALIZAÇÃO DE CARGA'!$I$2:$I$702 )="", "", _xlfn.XLOOKUP( B108, 'LOCALIZAÇÃO DE CARGA'!$A$2:$A$702, 'LOCALIZAÇÃO DE CARGA'!$I$2:$I$702 ) ), "" ) -> LGCAJ | H108: =IFERROR( IF( _xlfn.XLOOKUP( B108, 'LOCALIZAÇÃO DE CARGA'!$A$2:$A$702, 'LOCALIZAÇÃO DE CARGA'!$F$2:$F$702 )="", "", _xlfn.XLOOKUP( B108, 'LOCALIZAÇÃO DE CARGA'!$A$2:$A$702, 'LOCALIZAÇÃO DE CARGA'!$F$2:$F$702 ) ), "" ) -> Andamento | I108: {=IFERROR( IF( INDEX( 'VISÃO LOGISTICA'!$C$2:$C$525, MATCH( TRUE, ISNUMBER(FIND(B108,'VISÃO LOGISTICA'!$A$2:$A$525)), 0 ) )="Em espera", "", INDEX( 'VISÃO LOGISTICA'!$C$2:$C$525, MATCH( TRUE, ISNUMBER(FIND(B108,'VISÃO LOGISTICA'!$A$2:$A$525)), 0 ) ) ), "" )} | J108: {=IFERROR( IF( OR( INDEX( 'VISÃO LOGISTICA'!$C$2:$C$2000, MATCH( TRUE, ISNUMBER(FIND(B108,'VISÃO LOGISTICA'!$A$2:$A$2000)), 0 ) )="Em espera", INDEX( 'VISÃO LOGISTICA'!$C$2:$C$2000, MATCH( TRUE, ISNUMBER(FIND(B108,'VISÃO LOGISTICA'!$A$2:$A$2000)), 0 ) )="" ), "", INDEX( 'VISÃO LOGISTICA'!$D$2:$D$2000, MATCH( TRUE, ISNUMBER(FIND(B108,'VISÃO LOGISTICA'!$A$2:$A$2000)), 0 ) ) ), "" )} -> EFV9A07 | K108: =IFERROR( IF( _xlfn.XLOOKUP( B108, 'LOCALIZAÇÃO DE CARGA'!$A$2:$A$702, 'LOCALIZAÇÃO DE CARGA'!$E$2:$E$702)="", "", _xlfn.XLOOKUP( B108, 'LOCALIZAÇÃO DE CARGA'!$A$2:$A$702, 'LOCALIZAÇÃO DE CARGA'!$E$2:$E$702) ), "" ) -> 162983 | L108: {=IFERROR( _xlfn.LET( _xlpm.res,_xlfn.XLOOKUP(B108,'LOCALIZAÇÃO DE CARGA'!$A$2:$A$2000,'LOCALIZAÇÃO DE CARGA'!$G$2:$G$2000), IF(_xlpm.res="","",_xlpm.res) ), "" )} -> 46158.242 | M108: {=IFERROR( _xlfn.LET( _xlpm.load,_xlfn.XLOOKUP(B108,'LOCALIZAÇÃO DE CARGA'!$A$2:$A$2000,'LOCALIZAÇÃO DE CARGA'!$A$2:$A$2000), _xlpm.res,_xlfn.XLOOKUP(_xlpm.load,DOCUMENTOS!$A$2:$A$2000,DOCUMENTOS!$D$2:$D$2000), IF(_xlpm.res="","",_xlpm.res) ), "" )} -> 46157.417 | N108: =IFERROR(IF(M108="","",M108-TIME(1,0,0)),"") -> 46157.375 | O108: {=IFERROR( _xlfn.LET( _xlpm.res,_xlfn.XLOOKUP(B108,'LOCALIZAÇÃO DE CARGA'!$A$2:$A$2000,'LOCALIZAÇÃO DE CARGA'!$S$2:$S$2000), IF(_xlpm.res="","",_xlpm.res) ), "" )} -> 46158.333 | P108: {=IFERROR( _xlfn.LET( _xlpm.res,_xlfn.XLOOKUP(B108,'LOCALIZAÇÃO DE CARGA'!$A$2:$A$702,'LOCALIZAÇÃO DE CARGA'!$T$2:$T$702), IF(_xlpm.res="","",_xlpm.res) ), "" )} -> 46158.44 | Q108: =IFERROR( IF( _xlfn.XLOOKUP( B108, 'LOCALIZAÇÃO DE CARGA'!$A$2:$A$702, 'LOCALIZAÇÃO DE CARGA'!$K$2:$K$702 )="", "", _xlfn.XLOOKUP( B108, 'LOCALIZAÇÃO DE CARGA'!$A$2:$A$702, 'LOCALIZAÇÃO DE CARGA'!$K$2:$K$702 ) ), "" ) -> DAYCOVAL LEASING SOCIEDADE DE ARRENDAMENTO MERCANTIL S.A. - 01333000 | R108: =IF(Q108="","",TRIM(IFERROR(LEFT(LEFT(Q108,FIND(" - ",Q108)-1),FIND("(",LEFT(Q108,FIND(" - ",Q108)-1))-1),LEFT(Q108,FIND(" - ",Q108)-1)))) -> DAYCOVAL LEASING SOCIEDADE DE ARRENDAMENTO MERCANTIL S.A. | S108: {=IF(B108="","",IFERROR( INDEX( 'VISÃO LOGISTICA'!$L$2:$L$525, MATCH( TRUE, ISNUMBER(FIND(B108,'VISÃO LOGISTICA'!$A$2:$A$525)), 0 ) ), "" ))} | T108: {=IFERROR( _xlfn.LET( _xlpm.res,_xlfn.XLOOKUP(B108,'LOCALIZAÇÃO DE CARGA'!$A$2:$A$702,'LOCALIZAÇÃO DE CARGA'!$R$2:$R$702), IF(_xlpm.res="","",SUBSTITUTE(_xlpm.res,"/BRASIL","")) ), "" )} -> SAO PAULO/SP
A109: =IF(M109="","",INT(M109)) -> 46157 | B109: 6022052 | C109: =IFERROR( IF(B109="","", IF(I109="Encerrada", "VERIFICAR SMP EM ANDAMENTO", IF(VALUE(SUBSTITUTE(K109,".",""))<100000, "DESCONSIDERA, VALOR NÃO RASTREADO", IF(AND(I109="EM VIAGEM",ISNUMBER(FIND("CAJAMAR/SP",S109))), IF(E109="Patio", "NA PENSKE - COM SMP - AGUARDANDO CARREGAMENTO", "NA PENSKE - COM SMP - AGUARDANDO SAÍDA"), IF(AND(I109="Pré-SMP",ISNUMBER(FIND("CAJAMAR/SP",S109))), IF(E109="Patio", "NA PENSKE - PRÉ-SMP - AGUARDANDO CARREGAMENTO", "NA PENSKE - PRÉ-SMP - AGUARDANDO SAÍDA"), IF(AND(I109="EM VIAGEM",ISNUMBER(FIND("ITAPOA/SC",S109))), "NA CLIF - COM SMP - AGUARDANDO SAÍDA", IF(AND(I109="Pré-SMP",ISNUMBER(FIND("ITAPOA/SC",S109))), "NA CLIF - PRÉ-SMP - AGUARDANDO SAÍDA", IF(I109="EM VIAGEM", "EM VIAGEM", IF(OR(L109="",N109=""), IF(I109="EM VIAGEM","SEM PREVISAO - COM SMP", IF(I109="Pré-SMP","SEM PREVISAO - PRÉ-SMP", "SEM PREVISAO - SEM SMP")), IF(M109>L109, IF(NOW()>N109, IF(E109="Finalizado", IF(I109="EM VIAGEM","CARREGADO - COM SMP", IF(I109="Pré-SMP","CARREGADO - PRÉ-SMP", "CARREGADO - SEM SMP")), IF(I109="EM VIAGEM","ATRASADO CARREGAMENTO - COM SMP - VERIFICAR AGENDAMENTO", IF(I109="Pré-SMP","ATRASADO CARREGAMENTO - PRÉ-SMP - VERIFICAR AGENDAMENTO", "ATRASADO CARREGAMENTO - SEM SMP - VERIFICAR AGENDAMENTO"))), IF(NOW()>L109, IF(I109="EM VIAGEM","ATRASADO ENTREGA - COM SMP - VERIFICAR AGENDAMENTO", IF(I109="Pré-SMP","ATRASADO ENTREGA - PRÉ-SMP - VERIFICAR AGENDAMENTO", "ATRASADO ENTREGA - SEM SMP - VERIFICAR AGENDAMENTO")), "OK NO PRAZO - VERIFICAR AGENDAMENTO")), IF(NOW()>L109, IF(I109="EM VIAGEM","ATRASADO ENTREGA - COM SMP", IF(I109="Pré-SMP","ATRASADO ENTREGA - PRÉ-SMP", "ATRASADO ENTREGA - SEM SMP")), IF(NOW()>N109, IF(E109="Finalizado", IF(I109="EM VIAGEM","CARREGADO - COM SMP", IF(I109="Pré-SMP","CARREGADO - PRÉ-SMP", "CARREGADO - SEM SMP")), IF(I109="EM VIAGEM","ATRASADO CARREGAMENTO - COM SMP", IF(I109="Pré-SMP","ATRASADO CARREGAMENTO - PRÉ-SMP", "ATRASADO CARREGAMENTO - SEM SMP"))), IF(L109-NOW()<=1, "ATENCAO - PROXIMO", "OK - NO PRAZO" ))))))))))))),"") -> NA PENSKE - COM SMP - AGUARDANDO SAÍDA | E109: =IFERROR( IF( _xlfn.XLOOKUP( B109, 'LOCALIZAÇÃO DE CARGA'!$A$2:$A$702, 'LOCALIZAÇÃO DE CARGA'!$D$2:$D$702 )="", "", _xlfn.XLOOKUP( B109, 'LOCALIZAÇÃO DE CARGA'!$A$2:$A$702, 'LOCALIZAÇÃO DE CARGA'!$D$2:$D$702 ) ), "" ) | F109: =IFERROR( IF( _xlfn.XLOOKUP( B109, 'LOCALIZAÇÃO DE CARGA'!$A$2:$A$702, 'LOCALIZAÇÃO DE CARGA'!$H$2:$H$702 )="", "", _xlfn.XLOOKUP( B109, 'LOCALIZAÇÃO DE CARGA'!$A$2:$A$702, 'LOCALIZAÇÃO DE CARGA'!$H$2:$H$702 ) ), "" ) -> VIPE TRANSPO | G109: =IFERROR( IF( _xlfn.XLOOKUP( B109, 'LOCALIZAÇÃO DE CARGA'!$A$2:$A$702, 'LOCALIZAÇÃO DE CARGA'!$I$2:$I$702 )="", "", _xlfn.XLOOKUP( B109, 'LOCALIZAÇÃO DE CARGA'!$A$2:$A$702, 'LOCALIZAÇÃO DE CARGA'!$I$2:$I$702 ) ), "" ) -> LGCAJ | H109: =IFERROR( IF( _xlfn.XLOOKUP( B109, 'LOCALIZAÇÃO DE CARGA'!$A$2:$A$702, 'LOCALIZAÇÃO DE CARGA'!$F$2:$F$702 )="", "", _xlfn.XLOOKUP( B109, 'LOCALIZAÇÃO DE CARGA'!$A$2:$A$702, 'LOCALIZAÇÃO DE CARGA'!$F$2:$F$702 ) ), "" ) -> Andamento | I109: {=IFERROR( IF( INDEX( 'VISÃO LOGISTICA'!$C$2:$C$525, MATCH( TRUE, ISNUMBER(FIND(B109,'VISÃO LOGISTICA'!$A$2:$A$525)), 0 ) )="Em espera", "", INDEX( 'VISÃO LOGISTICA'!$C$2:$C$525, MATCH( TRUE, ISNUMBER(FIND(B109,'VISÃO LOGISTICA'!$A$2:$A$525)), 0 ) ) ), "" )} -> Em Viagem | J109: {=IFERROR( IF( OR( INDEX( 'VISÃO LOGISTICA'!$C$2:$C$2000, MATCH( TRUE, ISNUMBER(FIND(B109,'VISÃO LOGISTICA'!$A$2:$A$2000)), 0 ) )="Em espera", INDEX( 'VISÃO LOGISTICA'!$C$2:$C$2000, MATCH( TRUE, ISNUMBER(FIND(B109,'VISÃO LOGISTICA'!$A$2:$A$2000)), 0 ) )="" ), "", INDEX( 'VISÃO LOGISTICA'!$D$2:$D$2000, MATCH( TRUE, ISNUMBER(FIND(B109,'VISÃO LOGISTICA'!$A$2:$A$2000)), 0 ) ) ), "" )} -> FCR0J34 | K109: =IFERROR( IF( _xlfn.XLOOKUP( B109, 'LOCALIZAÇÃO DE CARGA'!$A$2:$A$702, 'LOCALIZAÇÃO DE CARGA'!$E$2:$E$702)="", "", _xlfn.XLOOKUP( B109, 'LOCALIZAÇÃO DE CARGA'!$A$2:$A$702, 'LOCALIZAÇÃO DE CARGA'!$E$2:$E$702) ), "" ) -> 161336.3 | L109: {=IFERROR( _xlfn.LET( _xlpm.res,_xlfn.XLOOKUP(B109,'LOCALIZAÇÃO DE CARGA'!$A$2:$A$2000,'LOCALIZAÇÃO DE CARGA'!$G$2:$G$2000), IF(_xlpm.res="","",_xlpm.res) ), "" )} -> 46159.229 | M109: {=IFERROR( _xlfn.LET( _xlpm.load,_xlfn.XLOOKUP(B109,'LOCALIZAÇÃO DE CARGA'!$A$2:$A$2000,'LOCALIZAÇÃO DE CARGA'!$A$2:$A$2000), _xlpm.res,_xlfn.XLOOKUP(_xlpm.load,DOCUMENTOS!$A$2:$A$2000,DOCUMENTOS!$D$2:$D$2000), IF(_xlpm.res="","",_xlpm.res) ), "" )} -> 46157.583 | N109: =IFERROR(IF(M109="","",M109-TIME(1,0,0)),"") -> 46157.542 | O109: {=IFERROR( _xlfn.LET( _xlpm.res,_xlfn.XLOOKUP(B109,'LOCALIZAÇÃO DE CARGA'!$A$2:$A$2000,'LOCALIZAÇÃO DE CARGA'!$S$2:$S$2000), IF(_xlpm.res="","",_xlpm.res) ), "" )} -> 46160.25 | P109: {=IFERROR( _xlfn.LET( _xlpm.res,_xlfn.XLOOKUP(B109,'LOCALIZAÇÃO DE CARGA'!$A$2:$A$702,'LOCALIZAÇÃO DE CARGA'!$T$2:$T$702), IF(_xlpm.res="","",_xlpm.res) ), "" )} -> 46158.715 | Q109: =IFERROR( IF( _xlfn.XLOOKUP( B109, 'LOCALIZAÇÃO DE CARGA'!$A$2:$A$702, 'LOCALIZAÇÃO DE CARGA'!$K$2:$K$702 )="", "", _xlfn.XLOOKUP( B109, 'LOCALIZAÇÃO DE CARGA'!$A$2:$A$702, 'LOCALIZAÇÃO DE CARGA'!$K$2:$K$702 ) ), "" ) -> GRUPO CASAS BAHIA S.A(CD1760) - 32150240 | R109: =IF(Q109="","",TRIM(IFERROR(LEFT(LEFT(Q109,FIND(" - ",Q109)-1),FIND("(",LEFT(Q109,FIND(" - ",Q109)-1))-1),LEFT(Q109,FIND(" - ",Q109)-1)))) -> GRUPO CASAS BAHIA S.A | S109: {=IF(B109="","",IFERROR( INDEX( 'VISÃO LOGISTICA'!$L$2:$L$525, MATCH( TRUE, ISNUMBER(FIND(B109,'VISÃO LOGISTICA'!$A$2:$A$525)), 0 ) ), "" ))} -> ESTR DA COPASE, CAJAMAR/SP/BRASIL (0,09 Km) | T109: {=IFERROR( _xlfn.LET( _xlpm.res,_xlfn.XLOOKUP(B109,'LOCALIZAÇÃO DE CARGA'!$A$2:$A$702,'LOCALIZAÇÃO DE CARGA'!$R$2:$R$702), IF(_xlpm.res="","",SUBSTITUTE(_xlpm.res,"/BRASIL","")) ), "" )} -> CONTAGEM/MG
A110: =IF(M110="","",INT(M110)) -> 46157 | B110: 6022159 | C110: =IFERROR( IF(B110="","", IF(I110="Encerrada", "VERIFICAR SMP EM ANDAMENTO", IF(VALUE(SUBSTITUTE(K110,".",""))<100000, "DESCONSIDERA, VALOR NÃO RASTREADO", IF(AND(I110="EM VIAGEM",ISNUMBER(FIND("CAJAMAR/SP",S110))), IF(E110="Patio", "NA PENSKE - COM SMP - AGUARDANDO CARREGAMENTO", "NA PENSKE - COM SMP - AGUARDANDO SAÍDA"), IF(AND(I110="Pré-SMP",ISNUMBER(FIND("CAJAMAR/SP",S110))), IF(E110="Patio", "NA PENSKE - PRÉ-SMP - AGUARDANDO CARREGAMENTO", "NA PENSKE - PRÉ-SMP - AGUARDANDO SAÍDA"), IF(AND(I110="EM VIAGEM",ISNUMBER(FIND("ITAPOA/SC",S110))), "NA CLIF - COM SMP - AGUARDANDO SAÍDA", IF(AND(I110="Pré-SMP",ISNUMBER(FIND("ITAPOA/SC",S110))), "NA CLIF - PRÉ-SMP - AGUARDANDO SAÍDA", IF(I110="EM VIAGEM", "EM VIAGEM", IF(OR(L110="",N110=""), IF(I110="EM VIAGEM","SEM PREVISAO - COM SMP", IF(I110="Pré-SMP","SEM PREVISAO - PRÉ-SMP", "SEM PREVISAO - SEM SMP")), IF(M110>L110, IF(NOW()>N110, IF(E110="Finalizado", IF(I110="EM VIAGEM","CARREGADO - COM SMP", IF(I110="Pré-SMP","CARREGADO - PRÉ-SMP", "CARREGADO - SEM SMP")), IF(I110="EM VIAGEM","ATRASADO CARREGAMENTO - COM SMP - VERIFICAR AGENDAMENTO", IF(I110="Pré-SMP","ATRASADO CARREGAMENTO - PRÉ-SMP - VERIFICAR AGENDAMENTO", "ATRASADO CARREGAMENTO - SEM SMP - VERIFICAR AGENDAMENTO"))), IF(NOW()>L110, IF(I110="EM VIAGEM","ATRASADO ENTREGA - COM SMP - VERIFICAR AGENDAMENTO", IF(I110="Pré-SMP","ATRASADO ENTREGA - PRÉ-SMP - VERIFICAR AGENDAMENTO", "ATRASADO ENTREGA - SEM SMP - VERIFICAR AGENDAMENTO")), "OK NO PRAZO - VERIFICAR AGENDAMENTO")), IF(NOW()>L110, IF(I110="EM VIAGEM","ATRASADO ENTREGA - COM SMP", IF(I110="Pré-SMP","ATRASADO ENTREGA - PRÉ-SMP", "ATRASADO ENTREGA - SEM SMP")), IF(NOW()>N110, IF(E110="Finalizado", IF(I110="EM VIAGEM","CARREGADO - COM SMP", IF(I110="Pré-SMP","CARREGADO - PRÉ-SMP", "CARREGADO - SEM SMP")), IF(I110="EM VIAGEM","ATRASADO CARREGAMENTO - COM SMP", IF(I110="Pré-SMP","ATRASADO CARREGAMENTO - PRÉ-SMP", "ATRASADO CARREGAMENTO - SEM SMP"))), IF(L110-NOW()<=1, "ATENCAO - PROXIMO", "OK - NO PRAZO" ))))))))))))),"") -> ATRASADO CARREGAMENTO - SEM SMP | E110: =IFERROR( IF( _xlfn.XLOOKUP( B110, 'LOCALIZAÇÃO DE CARGA'!$A$2:$A$702, 'LOCALIZAÇÃO DE CARGA'!$D$2:$D$702 )="", "", _xlfn.XLOOKUP( B110, 'LOCALIZAÇÃO DE CARGA'!$A$2:$A$702, 'LOCALIZAÇÃO DE CARGA'!$D$2:$D$702 ) ), "" ) | F110: =IFERROR( IF( _xlfn.XLOOKUP( B110, 'LOCALIZAÇÃO DE CARGA'!$A$2:$A$702, 'LOCALIZAÇÃO DE CARGA'!$H$2:$H$702 )="", "", _xlfn.XLOOKUP( B110, 'LOCALIZAÇÃO DE CARGA'!$A$2:$A$702, 'LOCALIZAÇÃO DE CARGA'!$H$2:$H$702 ) ), "" ) -> TRANSBOCAYUV | G110: =IFERROR( IF( _xlfn.XLOOKUP( B110, 'LOCALIZAÇÃO DE CARGA'!$A$2:$A$702, 'LOCALIZAÇÃO DE CARGA'!$I$2:$I$702 )="", "", _xlfn.XLOOKUP( B110, 'LOCALIZAÇÃO DE CARGA'!$A$2:$A$702, 'LOCALIZAÇÃO DE CARGA'!$I$2:$I$702 ) ), "" ) -> LGSCT | H110: =IFERROR( IF( _xlfn.XLOOKUP( B110, 'LOCALIZAÇÃO DE CARGA'!$A$2:$A$702, 'LOCALIZAÇÃO DE CARGA'!$F$2:$F$702 )="", "", _xlfn.XLOOKUP( B110, 'LOCALIZAÇÃO DE CARGA'!$A$2:$A$702, 'LOCALIZAÇÃO DE CARGA'!$F$2:$F$702 ) ), "" ) -> Andamento | I110: {=IFERROR( IF( INDEX( 'VISÃO LOGISTICA'!$C$2:$C$525, MATCH( TRUE, ISNUMBER(FIND(B110,'VISÃO LOGISTICA'!$A$2:$A$525)), 0 ) )="Em espera", "", INDEX( 'VISÃO LOGISTICA'!$C$2:$C$525, MATCH( TRUE, ISNUMBER(FIND(B110,'VISÃO LOGISTICA'!$A$2:$A$525)), 0 ) ) ), "" )} | J110: {=IFERROR( IF( OR( INDEX( 'VISÃO LOGISTICA'!$C$2:$C$2000, MATCH( TRUE, ISNUMBER(FIND(B110,'VISÃO LOGISTICA'!$A$2:$A$2000)), 0 ) )="Em espera", INDEX( 'VISÃO LOGISTICA'!$C$2:$C$2000, MATCH( TRUE, ISNUMBER(FIND(B110,'VISÃO LOGISTICA'!$A$2:$A$2000)), 0 ) )="" ), "", INDEX( 'VISÃO LOGISTICA'!$D$2:$D$2000, MATCH( TRUE, ISNUMBER(FIND(B110,'VISÃO LOGISTICA'!$A$2:$A$2000)), 0 ) ) ), "" )} -> ATX8J70 | K110: =IFERROR( IF( _xlfn.XLOOKUP( B110, 'LOCALIZAÇÃO DE CARGA'!$A$2:$A$702, 'LOCALIZAÇÃO DE CARGA'!$E$2:$E$702)="", "", _xlfn.XLOOKUP( B110, 'LOCALIZAÇÃO DE CARGA'!$A$2:$A$702, 'LOCALIZAÇÃO DE CARGA'!$E$2:$E$702) ), "" ) -> 160889.56 | L110: {=IFERROR( _xlfn.LET( _xlpm.res,_xlfn.XLOOKUP(B110,'LOCALIZAÇÃO DE CARGA'!$A$2:$A$2000,'LOCALIZAÇÃO DE CARGA'!$G$2:$G$2000), IF(_xlpm.res="","",_xlpm.res) ), "" )} -> 46159.139 | M110: {=IFERROR( _xlfn.LET( _xlpm.load,_xlfn.XLOOKUP(B110,'LOCALIZAÇÃO DE CARGA'!$A$2:$A$2000,'LOCALIZAÇÃO DE CARGA'!$A$2:$A$2000), _xlpm.res,_xlfn.XLOOKUP(_xlpm.load,DOCUMENTOS!$A$2:$A$2000,DOCUMENTOS!$D$2:$D$2000), IF(_xlpm.res="","",_xlpm.res) ), "" )} -> 46157.312 | N110: =IFERROR(IF(M110="","",M110-TIME(1,0,0)),"") -> 46157.271 | O110: {=IFERROR( _xlfn.LET( _xlpm.res,_xlfn.XLOOKUP(B110,'LOCALIZAÇÃO DE CARGA'!$A$2:$A$2000,'LOCALIZAÇÃO DE CARGA'!$S$2:$S$2000), IF(_xlpm.res="","",_xlpm.res) ), "" )} -> 46160.25 | P110: {=IFERROR( _xlfn.LET( _xlpm.res,_xlfn.XLOOKUP(B110,'LOCALIZAÇÃO DE CARGA'!$A$2:$A$702,'LOCALIZAÇÃO DE CARGA'!$T$2:$T$702), IF(_xlpm.res="","",_xlpm.res) ), "" )} -> 46158.444 | Q110: =IFERROR( IF( _xlfn.XLOOKUP( B110, 'LOCALIZAÇÃO DE CARGA'!$A$2:$A$702, 'LOCALIZAÇÃO DE CARGA'!$K$2:$K$702 )="", "", _xlfn.XLOOKUP( B110, 'LOCALIZAÇÃO DE CARGA'!$A$2:$A$702, 'LOCALIZAÇÃO DE CARGA'!$K$2:$K$702 ) ), "" ) -> GRUPO CASAS BAHIA S.A(CD1401) - 25255030 | R110: =IF(Q110="","",TRIM(IFERROR(LEFT(LEFT(Q110,FIND(" - ",Q110)-1),FIND("(",LEFT(Q110,FIND(" - ",Q110)-1))-1),LEFT(Q110,FIND(" - ",Q110)-1)))) -> GRUPO CASAS BAHIA S.A | S110: {=IF(B110="","",IFERROR( INDEX( 'VISÃO LOGISTICA'!$L$2:$L$525, MATCH( TRUE, ISNUMBER(FIND(B110,'VISÃO LOGISTICA'!$A$2:$A$525)), 0 ) ), "" ))} | T110: {=IFERROR( _xlfn.LET( _xlpm.res,_xlfn.XLOOKUP(B110,'LOCALIZAÇÃO DE CARGA'!$A$2:$A$702,'LOCALIZAÇÃO DE CARGA'!$R$2:$R$702), IF(_xlpm.res="","",SUBSTITUTE(_xlpm.res,"/BRASIL","")) ), "" )} -> DUQUE DE CAXIAS/RJ
A111: =IF(M111="","",INT(M111)) -> 46157 | B111: 6022208 | C111: =IFERROR( IF(B111="","", IF(I111="Encerrada", "VERIFICAR SMP EM ANDAMENTO", IF(VALUE(SUBSTITUTE(K111,".",""))<100000, "DESCONSIDERA, VALOR NÃO RASTREADO", IF(AND(I111="EM VIAGEM",ISNUMBER(FIND("CAJAMAR/SP",S111))), IF(E111="Patio", "NA PENSKE - COM SMP - AGUARDANDO CARREGAMENTO", "NA PENSKE - COM SMP - AGUARDANDO SAÍDA"), IF(AND(I111="Pré-SMP",ISNUMBER(FIND("CAJAMAR/SP",S111))), IF(E111="Patio", "NA PENSKE - PRÉ-SMP - AGUARDANDO CARREGAMENTO", "NA PENSKE - PRÉ-SMP - AGUARDANDO SAÍDA"), IF(AND(I111="EM VIAGEM",ISNUMBER(FIND("ITAPOA/SC",S111))), "NA CLIF - COM SMP - AGUARDANDO SAÍDA", IF(AND(I111="Pré-SMP",ISNUMBER(FIND("ITAPOA/SC",S111))), "NA CLIF - PRÉ-SMP - AGUARDANDO SAÍDA", IF(I111="EM VIAGEM", "EM VIAGEM", IF(OR(L111="",N111=""), IF(I111="EM VIAGEM","SEM PREVISAO - COM SMP", IF(I111="Pré-SMP","SEM PREVISAO - PRÉ-SMP", "SEM PREVISAO - SEM SMP")), IF(M111>L111, IF(NOW()>N111, IF(E111="Finalizado", IF(I111="EM VIAGEM","CARREGADO - COM SMP", IF(I111="Pré-SMP","CARREGADO - PRÉ-SMP", "CARREGADO - SEM SMP")), IF(I111="EM VIAGEM","ATRASADO CARREGAMENTO - COM SMP - VERIFICAR AGENDAMENTO", IF(I111="Pré-SMP","ATRASADO CARREGAMENTO - PRÉ-SMP - VERIFICAR AGENDAMENTO", "ATRASADO CARREGAMENTO - SEM SMP - VERIFICAR AGENDAMENTO"))), IF(NOW()>L111, IF(I111="EM VIAGEM","ATRASADO ENTREGA - COM SMP - VERIFICAR AGENDAMENTO", IF(I111="Pré-SMP","ATRASADO ENTREGA - PRÉ-SMP - VERIFICAR AGENDAMENTO", "ATRASADO ENTREGA - SEM SMP - VERIFICAR AGENDAMENTO")), "OK NO PRAZO - VERIFICAR AGENDAMENTO")), IF(NOW()>L111, IF(I111="EM VIAGEM","ATRASADO ENTREGA - COM SMP", IF(I111="Pré-SMP","ATRASADO ENTREGA - PRÉ-SMP", "ATRASADO ENTREGA - SEM SMP")), IF(NOW()>N111, IF(E111="Finalizado", IF(I111="EM VIAGEM","CARREGADO - COM SMP", IF(I111="Pré-SMP","CARREGADO - PRÉ-SMP", "CARREGADO - SEM SMP")), IF(I111="EM VIAGEM","ATRASADO CARREGAMENTO - COM SMP", IF(I111="Pré-SMP","ATRASADO CARREGAMENTO - PRÉ-SMP", "ATRASADO CARREGAMENTO - SEM SMP"))), IF(L111-NOW()<=1, "ATENCAO - PROXIMO", "OK - NO PRAZO" ))))))))))))),"") -> EM VIAGEM | E111: =IFERROR( IF( _xlfn.XLOOKUP( B111, 'LOCALIZAÇÃO DE CARGA'!$A$2:$A$702, 'LOCALIZAÇÃO DE CARGA'!$D$2:$D$702 )="", "", _xlfn.XLOOKUP( B111, 'LOCALIZAÇÃO DE CARGA'!$A$2:$A$702, 'LOCALIZAÇÃO DE CARGA'!$D$2:$D$702 ) ), "" ) | F111: =IFERROR( IF( _xlfn.XLOOKUP( B111, 'LOCALIZAÇÃO DE CARGA'!$A$2:$A$702, 'LOCALIZAÇÃO DE CARGA'!$H$2:$H$702 )="", "", _xlfn.XLOOKUP( B111, 'LOCALIZAÇÃO DE CARGA'!$A$2:$A$702, 'LOCALIZAÇÃO DE CARGA'!$H$2:$H$702 ) ), "" ) -> LX PANTOS | G111: =IFERROR( IF( _xlfn.XLOOKUP( B111, 'LOCALIZAÇÃO DE CARGA'!$A$2:$A$702, 'LOCALIZAÇÃO DE CARGA'!$I$2:$I$702 )="", "", _xlfn.XLOOKUP( B111, 'LOCALIZAÇÃO DE CARGA'!$A$2:$A$702, 'LOCALIZAÇÃO DE CARGA'!$I$2:$I$702 ) ), "" ) -> LGSCT | H111: =IFERROR( IF( _xlfn.XLOOKUP( B111, 'LOCALIZAÇÃO DE CARGA'!$A$2:$A$702, 'LOCALIZAÇÃO DE CARGA'!$F$2:$F$702 )="", "", _xlfn.XLOOKUP( B111, 'LOCALIZAÇÃO DE CARGA'!$A$2:$A$702, 'LOCALIZAÇÃO DE CARGA'!$F$2:$F$702 ) ), "" ) -> Andamento | I111: {=IFERROR( IF( INDEX( 'VISÃO LOGISTICA'!$C$2:$C$525, MATCH( TRUE, ISNUMBER(FIND(B111,'VISÃO LOGISTICA'!$A$2:$A$525)), 0 ) )="Em espera", "", INDEX( 'VISÃO LOGISTICA'!$C$2:$C$525, MATCH( TRUE, ISNUMBER(FIND(B111,'VISÃO LOGISTICA'!$A$2:$A$525)), 0 ) ) ), "" )} -> Em Viagem | J111: {=IFERROR( IF( OR( INDEX( 'VISÃO LOGISTICA'!$C$2:$C$2000, MATCH( TRUE, ISNUMBER(FIND(B111,'VISÃO LOGISTICA'!$A$2:$A$2000)), 0 ) )="Em espera", INDEX( 'VISÃO LOGISTICA'!$C$2:$C$2000, MATCH( TRUE, ISNUMBER(FIND(B111,'VISÃO LOGISTICA'!$A$2:$A$2000)), 0 ) )="" ), "", INDEX( 'VISÃO LOGISTICA'!$D$2:$D$2000, MATCH( TRUE, ISNUMBER(FIND(B111,'VISÃO LOGISTICA'!$A$2:$A$2000)), 0 ) ) ), "" )} -> DVS7928 | K111: =IFERROR( IF( _xlfn.XLOOKUP( B111, 'LOCALIZAÇÃO DE CARGA'!$A$2:$A$702, 'LOCALIZAÇÃO DE CARGA'!$E$2:$E$702)="", "", _xlfn.XLOOKUP( B111, 'LOCALIZAÇÃO DE CARGA'!$A$2:$A$702, 'LOCALIZAÇÃO DE CARGA'!$E$2:$E$702) ), "" ) -> 158703.6 | L111: {=IFERROR( _xlfn.LET( _xlpm.res,_xlfn.XLOOKUP(B111,'LOCALIZAÇÃO DE CARGA'!$A$2:$A$2000,'LOCALIZAÇÃO DE CARGA'!$G$2:$G$2000), IF(_xlpm.res="","",_xlpm.res) ), "" )} -> 46159.655 | M111: {=IFERROR( _xlfn.LET( _xlpm.load,_xlfn.XLOOKUP(B111,'LOCALIZAÇÃO DE CARGA'!$A$2:$A$2000,'LOCALIZAÇÃO DE CARGA'!$A$2:$A$2000), _xlpm.res,_xlfn.XLOOKUP(_xlpm.load,DOCUMENTOS!$A$2:$A$2000,DOCUMENTOS!$D$2:$D$2000), IF(_xlpm.res="","",_xlpm.res) ), "" )} -> 46157.833 | N111: =IFERROR(IF(M111="","",M111-TIME(1,0,0)),"") -> 46157.792 | O111: {=IFERROR( _xlfn.LET( _xlpm.res,_xlfn.XLOOKUP(B111,'LOCALIZAÇÃO DE CARGA'!$A$2:$A$2000,'LOCALIZAÇÃO DE CARGA'!$S$2:$S$2000), IF(_xlpm.res="","",_xlpm.res) ), "" )} -> 46163.25 | P111: {=IFERROR( _xlfn.LET( _xlpm.res,_xlfn.XLOOKUP(B111,'LOCALIZAÇÃO DE CARGA'!$A$2:$A$702,'LOCALIZAÇÃO DE CARGA'!$T$2:$T$702), IF(_xlpm.res="","",_xlpm.res) ), "" )} -> 46160.172 | Q111: =IFERROR( IF( _xlfn.XLOOKUP( B111, 'LOCALIZAÇÃO DE CARGA'!$A$2:$A$702, 'LOCALIZAÇÃO DE CARGA'!$K$2:$K$702 )="", "", _xlfn.XLOOKUP( B111, 'LOCALIZAÇÃO DE CARGA'!$A$2:$A$702, 'LOCALIZAÇÃO DE CARGA'!$K$2:$K$702 ) ), "" ) -> GRUPO CASAS BAHIA S.A(CD1400) - 42816270 | R111: =IF(Q111="","",TRIM(IFERROR(LEFT(LEFT(Q111,FIND(" - ",Q111)-1),FIND("(",LEFT(Q111,FIND(" - ",Q111)-1))-1),LEFT(Q111,FIND(" - ",Q111)-1)))) -> GRUPO CASAS BAHIA S.A | S111: {=IF(B111="","",IFERROR( INDEX( 'VISÃO LOGISTICA'!$L$2:$L$525, MATCH( TRUE, ISNUMBER(FIND(B111,'VISÃO LOGISTICA'!$A$2:$A$525)), 0 ) ), "" ))} -> ESTRADA MUNICIPAL CARAGUATA, CAMPINA GRANDE DO SUL/PR/BRASIL (0,44 Km) | T111: {=IFERROR( _xlfn.LET( _xlpm.res,_xlfn.XLOOKUP(B111,'LOCALIZAÇÃO DE CARGA'!$A$2:$A$702,'LOCALIZAÇÃO DE CARGA'!$R$2:$R$702), IF(_xlpm.res="","",SUBSTITUTE(_xlpm.res,"/BRASIL","")) ), "" )} -> CAMACARI/BA
A112: =IF(M112="","",INT(M112)) -> 46157 | B112: 6022173 | C112: =IFERROR( IF(B112="","", IF(I112="Encerrada", "VERIFICAR SMP EM ANDAMENTO", IF(VALUE(SUBSTITUTE(K112,".",""))<100000, "DESCONSIDERA, VALOR NÃO RASTREADO", IF(AND(I112="EM VIAGEM",ISNUMBER(FIND("CAJAMAR/SP",S112))), IF(E112="Patio", "NA PENSKE - COM SMP - AGUARDANDO CARREGAMENTO", "NA PENSKE - COM SMP - AGUARDANDO SAÍDA"), IF(AND(I112="Pré-SMP",ISNUMBER(FIND("CAJAMAR/SP",S112))), IF(E112="Patio", "NA PENSKE - PRÉ-SMP - AGUARDANDO CARREGAMENTO", "NA PENSKE - PRÉ-SMP - AGUARDANDO SAÍDA"), IF(AND(I112="EM VIAGEM",ISNUMBER(FIND("ITAPOA/SC",S112))), "NA CLIF - COM SMP - AGUARDANDO SAÍDA", IF(AND(I112="Pré-SMP",ISNUMBER(FIND("ITAPOA/SC",S112))), "NA CLIF - PRÉ-SMP - AGUARDANDO SAÍDA", IF(I112="EM VIAGEM", "EM VIAGEM", IF(OR(L112="",N112=""), IF(I112="EM VIAGEM","SEM PREVISAO - COM SMP", IF(I112="Pré-SMP","SEM PREVISAO - PRÉ-SMP", "SEM PREVISAO - SEM SMP")), IF(M112>L112, IF(NOW()>N112, IF(E112="Finalizado", IF(I112="EM VIAGEM","CARREGADO - COM SMP", IF(I112="Pré-SMP","CARREGADO - PRÉ-SMP", "CARREGADO - SEM SMP")), IF(I112="EM VIAGEM","ATRASADO CARREGAMENTO - COM SMP - VERIFICAR AGENDAMENTO", IF(I112="Pré-SMP","ATRASADO CARREGAMENTO - PRÉ-SMP - VERIFICAR AGENDAMENTO", "ATRASADO CARREGAMENTO - SEM SMP - VERIFICAR AGENDAMENTO"))), IF(NOW()>L112, IF(I112="EM VIAGEM","ATRASADO ENTREGA - COM SMP - VERIFICAR AGENDAMENTO", IF(I112="Pré-SMP","ATRASADO ENTREGA - PRÉ-SMP - VERIFICAR AGENDAMENTO", "ATRASADO ENTREGA - SEM SMP - VERIFICAR AGENDAMENTO")), "OK NO PRAZO - VERIFICAR AGENDAMENTO")), IF(NOW()>L112, IF(I112="EM VIAGEM","ATRASADO ENTREGA - COM SMP", IF(I112="Pré-SMP","ATRASADO ENTREGA - PRÉ-SMP", "ATRASADO ENTREGA - SEM SMP")), IF(NOW()>N112, IF(E112="Finalizado", IF(I112="EM VIAGEM","CARREGADO - COM SMP", IF(I112="Pré-SMP","CARREGADO - PRÉ-SMP", "CARREGADO - SEM SMP")), IF(I112="EM VIAGEM","ATRASADO CARREGAMENTO - COM SMP", IF(I112="Pré-SMP","ATRASADO CARREGAMENTO - PRÉ-SMP", "ATRASADO CARREGAMENTO - SEM SMP"))), IF(L112-NOW()<=1, "ATENCAO - PROXIMO", "OK - NO PRAZO" ))))))))))))),"") -> EM VIAGEM | E112: =IFERROR( IF( _xlfn.XLOOKUP( B112, 'LOCALIZAÇÃO DE CARGA'!$A$2:$A$702, 'LOCALIZAÇÃO DE CARGA'!$D$2:$D$702 )="", "", _xlfn.XLOOKUP( B112, 'LOCALIZAÇÃO DE CARGA'!$A$2:$A$702, 'LOCALIZAÇÃO DE CARGA'!$D$2:$D$702 ) ), "" ) | F112: =IFERROR( IF( _xlfn.XLOOKUP( B112, 'LOCALIZAÇÃO DE CARGA'!$A$2:$A$702, 'LOCALIZAÇÃO DE CARGA'!$H$2:$H$702 )="", "", _xlfn.XLOOKUP( B112, 'LOCALIZAÇÃO DE CARGA'!$A$2:$A$702, 'LOCALIZAÇÃO DE CARGA'!$H$2:$H$702 ) ), "" ) -> TR RAMTHUN | G112: =IFERROR( IF( _xlfn.XLOOKUP( B112, 'LOCALIZAÇÃO DE CARGA'!$A$2:$A$702, 'LOCALIZAÇÃO DE CARGA'!$I$2:$I$702 )="", "", _xlfn.XLOOKUP( B112, 'LOCALIZAÇÃO DE CARGA'!$A$2:$A$702, 'LOCALIZAÇÃO DE CARGA'!$I$2:$I$702 ) ), "" ) -> LGSCT | H112: =IFERROR( IF( _xlfn.XLOOKUP( B112, 'LOCALIZAÇÃO DE CARGA'!$A$2:$A$702, 'LOCALIZAÇÃO DE CARGA'!$F$2:$F$702 )="", "", _xlfn.XLOOKUP( B112, 'LOCALIZAÇÃO DE CARGA'!$A$2:$A$702, 'LOCALIZAÇÃO DE CARGA'!$F$2:$F$702 ) ), "" ) -> Andamento | I112: {=IFERROR( IF( INDEX( 'VISÃO LOGISTICA'!$C$2:$C$525, MATCH( TRUE, ISNUMBER(FIND(B112,'VISÃO LOGISTICA'!$A$2:$A$525)), 0 ) )="Em espera", "", INDEX( 'VISÃO LOGISTICA'!$C$2:$C$525, MATCH( TRUE, ISNUMBER(FIND(B112,'VISÃO LOGISTICA'!$A$2:$A$525)), 0 ) ) ), "" )} -> Em Viagem | J112: {=IFERROR( IF( OR( INDEX( 'VISÃO LOGISTICA'!$C$2:$C$2000, MATCH( TRUE, ISNUMBER(FIND(B112,'VISÃO LOGISTICA'!$A$2:$A$2000)), 0 ) )="Em espera", INDEX( 'VISÃO LOGISTICA'!$C$2:$C$2000, MATCH( TRUE, ISNUMBER(FIND(B112,'VISÃO LOGISTICA'!$A$2:$A$2000)), 0 ) )="" ), "", INDEX( 'VISÃO LOGISTICA'!$D$2:$D$2000, MATCH( TRUE, ISNUMBER(FIND(B112,'VISÃO LOGISTICA'!$A$2:$A$2000)), 0 ) ) ), "" )} -> MMK3F39 | K112: =IFERROR( IF( _xlfn.XLOOKUP( B112, 'LOCALIZAÇÃO DE CARGA'!$A$2:$A$702, 'LOCALIZAÇÃO DE CARGA'!$E$2:$E$702)="", "", _xlfn.XLOOKUP( B112, 'LOCALIZAÇÃO DE CARGA'!$A$2:$A$702, 'LOCALIZAÇÃO DE CARGA'!$E$2:$E$702) ), "" ) -> 139466.8 | L112: {=IFERROR( _xlfn.LET( _xlpm.res,_xlfn.XLOOKUP(B112,'LOCALIZAÇÃO DE CARGA'!$A$2:$A$2000,'LOCALIZAÇÃO DE CARGA'!$G$2:$G$2000), IF(_xlpm.res="","",_xlpm.res) ), "" )} -> 46159.396 | M112: {=IFERROR( _xlfn.LET( _xlpm.load,_xlfn.XLOOKUP(B112,'LOCALIZAÇÃO DE CARGA'!$A$2:$A$2000,'LOCALIZAÇÃO DE CARGA'!$A$2:$A$2000), _xlpm.res,_xlfn.XLOOKUP(_xlpm.load,DOCUMENTOS!$A$2:$A$2000,DOCUMENTOS!$D$2:$D$2000), IF(_xlpm.res="","",_xlpm.res) ), "" )} -> 46157.771 | N112: =IFERROR(IF(M112="","",M112-TIME(1,0,0)),"") -> 46157.729 | O112: {=IFERROR( _xlfn.LET( _xlpm.res,_xlfn.XLOOKUP(B112,'LOCALIZAÇÃO DE CARGA'!$A$2:$A$2000,'LOCALIZAÇÃO DE CARGA'!$S$2:$S$2000), IF(_xlpm.res="","",_xlpm.res) ), "" )} -> 46159.958 | P112: {=IFERROR( _xlfn.LET( _xlpm.res,_xlfn.XLOOKUP(B112,'LOCALIZAÇÃO DE CARGA'!$A$2:$A$702,'LOCALIZAÇÃO DE CARGA'!$T$2:$T$702), IF(_xlpm.res="","",_xlpm.res) ), "" )} -> 46158.692 | Q112: =IFERROR( IF( _xlfn.XLOOKUP( B112, 'LOCALIZAÇÃO DE CARGA'!$A$2:$A$702, 'LOCALIZAÇÃO DE CARGA'!$K$2:$K$702 )="", "", _xlfn.XLOOKUP( B112, 'LOCALIZAÇÃO DE CARGA'!$A$2:$A$702, 'LOCALIZAÇÃO DE CARGA'!$K$2:$K$702 ) ), "" ) -> GRUPO CASAS BAHIA S.A(CD1500) - 09790400 | R112: =IF(Q112="","",TRIM(IFERROR(LEFT(LEFT(Q112,FIND(" - ",Q112)-1),FIND("(",LEFT(Q112,FIND(" - ",Q112)-1))-1),LEFT(Q112,FIND(" - ",Q112)-1)))) -> GRUPO CASAS BAHIA S.A | S112: {=IF(B112="","",IFERROR( INDEX( 'VISÃO LOGISTICA'!$L$2:$L$525, MATCH( TRUE, ISNUMBER(FIND(B112,'VISÃO LOGISTICA'!$A$2:$A$525)), 0 ) ), "" ))} -> CAMINHO, CAMPINA GRANDE DO SUL/PR/BRASIL (24,45 Km) | T112: {=IFERROR( _xlfn.LET( _xlpm.res,_xlfn.XLOOKUP(B112,'LOCALIZAÇÃO DE CARGA'!$A$2:$A$702,'LOCALIZAÇÃO DE CARGA'!$R$2:$R$702), IF(_xlpm.res="","",SUBSTITUTE(_xlpm.res,"/BRASIL","")) ), "" )} -> SAO BERNARDO DO CAMPO/SP
A113: =IF(M113="","",INT(M113)) -> 46160 | B113: 6013979 | C113: =IFERROR( IF(B113="","", IF(I113="Encerrada", "VERIFICAR SMP EM ANDAMENTO", IF(VALUE(SUBSTITUTE(K113,".",""))<100000, "DESCONSIDERA, VALOR NÃO RASTREADO", IF(AND(I113="EM VIAGEM",ISNUMBER(FIND("CAJAMAR/SP",S113))), IF(E113="Patio", "NA PENSKE - COM SMP - AGUARDANDO CARREGAMENTO", "NA PENSKE - COM SMP - AGUARDANDO SAÍDA"), IF(AND(I113="Pré-SMP",ISNUMBER(FIND("CAJAMAR/SP",S113))), IF(E113="Patio", "NA PENSKE - PRÉ-SMP - AGUARDANDO CARREGAMENTO", "NA PENSKE - PRÉ-SMP - AGUARDANDO SAÍDA"), IF(AND(I113="EM VIAGEM",ISNUMBER(FIND("ITAPOA/SC",S113))), "NA CLIF - COM SMP - AGUARDANDO SAÍDA", IF(AND(I113="Pré-SMP",ISNUMBER(FIND("ITAPOA/SC",S113))), "NA CLIF - PRÉ-SMP - AGUARDANDO SAÍDA", IF(I113="EM VIAGEM", "EM VIAGEM", IF(OR(L113="",N113=""), IF(I113="EM VIAGEM","SEM PREVISAO - COM SMP", IF(I113="Pré-SMP","SEM PREVISAO - PRÉ-SMP", "SEM PREVISAO - SEM SMP")), IF(M113>L113, IF(NOW()>N113, IF(E113="Finalizado", IF(I113="EM VIAGEM","CARREGADO - COM SMP", IF(I113="Pré-SMP","CARREGADO - PRÉ-SMP", "CARREGADO - SEM SMP")), IF(I113="EM VIAGEM","ATRASADO CARREGAMENTO - COM SMP - VERIFICAR AGENDAMENTO", IF(I113="Pré-SMP","ATRASADO CARREGAMENTO - PRÉ-SMP - VERIFICAR AGENDAMENTO", "ATRASADO CARREGAMENTO - SEM SMP - VERIFICAR AGENDAMENTO"))), IF(NOW()>L113, IF(I113="EM VIAGEM","ATRASADO ENTREGA - COM SMP - VERIFICAR AGENDAMENTO", IF(I113="Pré-SMP","ATRASADO ENTREGA - PRÉ-SMP - VERIFICAR AGENDAMENTO", "ATRASADO ENTREGA - SEM SMP - VERIFICAR AGENDAMENTO")), "OK NO PRAZO - VERIFICAR AGENDAMENTO")), IF(NOW()>L113, IF(I113="EM VIAGEM","ATRASADO ENTREGA - COM SMP", IF(I113="Pré-SMP","ATRASADO ENTREGA - PRÉ-SMP", "ATRASADO ENTREGA - SEM SMP")), IF(NOW()>N113, IF(E113="Finalizado", IF(I113="EM VIAGEM","CARREGADO - COM SMP", IF(I113="Pré-SMP","CARREGADO - PRÉ-SMP", "CARREGADO - SEM SMP")), IF(I113="EM VIAGEM","ATRASADO CARREGAMENTO - COM SMP", IF(I113="Pré-SMP","ATRASADO CARREGAMENTO - PRÉ-SMP", "ATRASADO CARREGAMENTO - SEM SMP"))), IF(L113-NOW()<=1, "ATENCAO - PROXIMO", "OK - NO PRAZO" ))))))))))))),"") -> OK - NO PRAZO | E113: =IFERROR( IF( _xlfn.XLOOKUP( B113, 'LOCALIZAÇÃO DE CARGA'!$A$2:$A$702, 'LOCALIZAÇÃO DE CARGA'!$D$2:$D$702 )="", "", _xlfn.XLOOKUP( B113, 'LOCALIZAÇÃO DE CARGA'!$A$2:$A$702, 'LOCALIZAÇÃO DE CARGA'!$D$2:$D$702 ) ), "" ) | F113: =IFERROR( IF( _xlfn.XLOOKUP( B113, 'LOCALIZAÇÃO DE CARGA'!$A$2:$A$702, 'LOCALIZAÇÃO DE CARGA'!$H$2:$H$702 )="", "", _xlfn.XLOOKUP( B113, 'LOCALIZAÇÃO DE CARGA'!$A$2:$A$702, 'LOCALIZAÇÃO DE CARGA'!$H$2:$H$702 ) ), "" ) -> SUL CONTINEN | G113: =IFERROR( IF( _xlfn.XLOOKUP( B113, 'LOCALIZAÇÃO DE CARGA'!$A$2:$A$702, 'LOCALIZAÇÃO DE CARGA'!$I$2:$I$702 )="", "", _xlfn.XLOOKUP( B113, 'LOCALIZAÇÃO DE CARGA'!$A$2:$A$702, 'LOCALIZAÇÃO DE CARGA'!$I$2:$I$702 ) ), "" ) -> LGSCT | H113: =IFERROR( IF( _xlfn.XLOOKUP( B113, 'LOCALIZAÇÃO DE CARGA'!$A$2:$A$702, 'LOCALIZAÇÃO DE CARGA'!$F$2:$F$702 )="", "", _xlfn.XLOOKUP( B113, 'LOCALIZAÇÃO DE CARGA'!$A$2:$A$702, 'LOCALIZAÇÃO DE CARGA'!$F$2:$F$702 ) ), "" ) -> Não iniciado | I113: {=IFERROR( IF( INDEX( 'VISÃO LOGISTICA'!$C$2:$C$525, MATCH( TRUE, ISNUMBER(FIND(B113,'VISÃO LOGISTICA'!$A$2:$A$525)), 0 ) )="Em espera", "", INDEX( 'VISÃO LOGISTICA'!$C$2:$C$525, MATCH( TRUE, ISNUMBER(FIND(B113,'VISÃO LOGISTICA'!$A$2:$A$525)), 0 ) ) ), "" )} | J113: {=IFERROR( IF( OR( INDEX( 'VISÃO LOGISTICA'!$C$2:$C$2000, MATCH( TRUE, ISNUMBER(FIND(B113,'VISÃO LOGISTICA'!$A$2:$A$2000)), 0 ) )="Em espera", INDEX( 'VISÃO LOGISTICA'!$C$2:$C$2000, MATCH( TRUE, ISNUMBER(FIND(B113,'VISÃO LOGISTICA'!$A$2:$A$2000)), 0 ) )="" ), "", INDEX( 'VISÃO LOGISTICA'!$D$2:$D$2000, MATCH( TRUE, ISNUMBER(FIND(B113,'VISÃO LOGISTICA'!$A$2:$A$2000)), 0 ) ) ), "" )} | K113: =IFERROR( IF( _xlfn.XLOOKUP( B113, 'LOCALIZAÇÃO DE CARGA'!$A$2:$A$702, 'LOCALIZAÇÃO DE CARGA'!$E$2:$E$702)="", "", _xlfn.XLOOKUP( B113, 'LOCALIZAÇÃO DE CARGA'!$A$2:$A$702, 'LOCALIZAÇÃO DE CARGA'!$E$2:$E$702) ), "" ) -> 134628.48 | L113: {=IFERROR( _xlfn.LET( _xlpm.res,_xlfn.XLOOKUP(B113,'LOCALIZAÇÃO DE CARGA'!$A$2:$A$2000,'LOCALIZAÇÃO DE CARGA'!$G$2:$G$2000), IF(_xlpm.res="","",_xlpm.res) ), "" )} -> 46161.104 | M113: {=IFERROR( _xlfn.LET( _xlpm.load,_xlfn.XLOOKUP(B113,'LOCALIZAÇÃO DE CARGA'!$A$2:$A$2000,'LOCALIZAÇÃO DE CARGA'!$A$2:$A$2000), _xlpm.res,_xlfn.XLOOKUP(_xlpm.load,DOCUMENTOS!$A$2:$A$2000,DOCUMENTOS!$D$2:$D$2000), IF(_xlpm.res="","",_xlpm.res) ), "" )} -> 46160.562 | N113: =IFERROR(IF(M113="","",M113-TIME(1,0,0)),"") -> 46160.521 | O113: {=IFERROR( _xlfn.LET( _xlpm.res,_xlfn.XLOOKUP(B113,'LOCALIZAÇÃO DE CARGA'!$A$2:$A$2000,'LOCALIZAÇÃO DE CARGA'!$S$2:$S$2000), IF(_xlpm.res="","",_xlpm.res) ), "" )} -> 46161.25 | P113: {=IFERROR( _xlfn.LET( _xlpm.res,_xlfn.XLOOKUP(B113,'LOCALIZAÇÃO DE CARGA'!$A$2:$A$702,'LOCALIZAÇÃO DE CARGA'!$T$2:$T$702), IF(_xlpm.res="","",_xlpm.res) ), "" )} | Q113: =IFERROR( IF( _xlfn.XLOOKUP( B113, 'LOCALIZAÇÃO DE CARGA'!$A$2:$A$702, 'LOCALIZAÇÃO DE CARGA'!$K$2:$K$702 )="", "", _xlfn.XLOOKUP( B113, 'LOCALIZAÇÃO DE CARGA'!$A$2:$A$702, 'LOCALIZAÇÃO DE CARGA'!$K$2:$K$702 ) ), "" ) -> HAVAN LOJAS DE DEPARTAMENTOS LTDA - 88390000 | R113: =IF(Q113="","",TRIM(IFERROR(LEFT(LEFT(Q113,FIND(" - ",Q113)-1),FIND("(",LEFT(Q113,FIND(" - ",Q113)-1))-1),LEFT(Q113,FIND(" - ",Q113)-1)))) -> HAVAN LOJAS DE DEPARTAMENTOS LTDA | S113: {=IF(B113="","",IFERROR( INDEX( 'VISÃO LOGISTICA'!$L$2:$L$525, MATCH( TRUE, ISNUMBER(FIND(B113,'VISÃO LOGISTICA'!$A$2:$A$525)), 0 ) ), "" ))} | T113: {=IFERROR( _xlfn.LET( _xlpm.res,_xlfn.XLOOKUP(B113,'LOCALIZAÇÃO DE CARGA'!$A$2:$A$702,'LOCALIZAÇÃO DE CARGA'!$R$2:$R$702), IF(_xlpm.res="","",SUBSTITUTE(_xlpm.res,"/BRASIL","")) ), "" )} -> BARRA VELHA/SC
A114: =IF(M114="","",INT(M114)) -> 46158 | B114: 6022227 | C114: =IFERROR( IF(B114="","", IF(I114="Encerrada", "VERIFICAR SMP EM ANDAMENTO", IF(VALUE(SUBSTITUTE(K114,".",""))<100000, "DESCONSIDERA, VALOR NÃO RASTREADO", IF(AND(I114="EM VIAGEM",ISNUMBER(FIND("CAJAMAR/SP",S114))), IF(E114="Patio", "NA PENSKE - COM SMP - AGUARDANDO CARREGAMENTO", "NA PENSKE - COM SMP - AGUARDANDO SAÍDA"), IF(AND(I114="Pré-SMP",ISNUMBER(FIND("CAJAMAR/SP",S114))), IF(E114="Patio", "NA PENSKE - PRÉ-SMP - AGUARDANDO CARREGAMENTO", "NA PENSKE - PRÉ-SMP - AGUARDANDO SAÍDA"), IF(AND(I114="EM VIAGEM",ISNUMBER(FIND("ITAPOA/SC",S114))), "NA CLIF - COM SMP - AGUARDANDO SAÍDA", IF(AND(I114="Pré-SMP",ISNUMBER(FIND("ITAPOA/SC",S114))), "NA CLIF - PRÉ-SMP - AGUARDANDO SAÍDA", IF(I114="EM VIAGEM", "EM VIAGEM", IF(OR(L114="",N114=""), IF(I114="EM VIAGEM","SEM PREVISAO - COM SMP", IF(I114="Pré-SMP","SEM PREVISAO - PRÉ-SMP", "SEM PREVISAO - SEM SMP")), IF(M114>L114, IF(NOW()>N114, IF(E114="Finalizado", IF(I114="EM VIAGEM","CARREGADO - COM SMP", IF(I114="Pré-SMP","CARREGADO - PRÉ-SMP", "CARREGADO - SEM SMP")), IF(I114="EM VIAGEM","ATRASADO CARREGAMENTO - COM SMP - VERIFICAR AGENDAMENTO", IF(I114="Pré-SMP","ATRASADO CARREGAMENTO - PRÉ-SMP - VERIFICAR AGENDAMENTO", "ATRASADO CARREGAMENTO - SEM SMP - VERIFICAR AGENDAMENTO"))), IF(NOW()>L114, IF(I114="EM VIAGEM","ATRASADO ENTREGA - COM SMP - VERIFICAR AGENDAMENTO", IF(I114="Pré-SMP","ATRASADO ENTREGA - PRÉ-SMP - VERIFICAR AGENDAMENTO", "ATRASADO ENTREGA - SEM SMP - VERIFICAR AGENDAMENTO")), "OK NO PRAZO - VERIFICAR AGENDAMENTO")), IF(NOW()>L114, IF(I114="EM VIAGEM","ATRASADO ENTREGA - COM SMP", IF(I114="Pré-SMP","ATRASADO ENTREGA - PRÉ-SMP", "ATRASADO ENTREGA - SEM SMP")), IF(NOW()>N114, IF(E114="Finalizado", IF(I114="EM VIAGEM","CARREGADO - COM SMP", IF(I114="Pré-SMP","CARREGADO - PRÉ-SMP", "CARREGADO - SEM SMP")), IF(I114="EM VIAGEM","ATRASADO CARREGAMENTO - COM SMP", IF(I114="Pré-SMP","ATRASADO CARREGAMENTO - PRÉ-SMP", "ATRASADO CARREGAMENTO - SEM SMP"))), IF(L114-NOW()<=1, "ATENCAO - PROXIMO", "OK - NO PRAZO" ))))))))))))),"") -> ATRASADO CARREGAMENTO - SEM SMP | E114: =IFERROR( IF( _xlfn.XLOOKUP( B114, 'LOCALIZAÇÃO DE CARGA'!$A$2:$A$702, 'LOCALIZAÇÃO DE CARGA'!$D$2:$D$702 )="", "", _xlfn.XLOOKUP( B114, 'LOCALIZAÇÃO DE CARGA'!$A$2:$A$702, 'LOCALIZAÇÃO DE CARGA'!$D$2:$D$702 ) ), "" ) | F114: =IFERROR( IF( _xlfn.XLOOKUP( B114, 'LOCALIZAÇÃO DE CARGA'!$A$2:$A$702, 'LOCALIZAÇÃO DE CARGA'!$H$2:$H$702 )="", "", _xlfn.XLOOKUP( B114, 'LOCALIZAÇÃO DE CARGA'!$A$2:$A$702, 'LOCALIZAÇÃO DE CARGA'!$H$2:$H$702 ) ), "" ) -> TRANSBOCAYUV | G114: =IFERROR( IF( _xlfn.XLOOKUP( B114, 'LOCALIZAÇÃO DE CARGA'!$A$2:$A$702, 'LOCALIZAÇÃO DE CARGA'!$I$2:$I$702 )="", "", _xlfn.XLOOKUP( B114, 'LOCALIZAÇÃO DE CARGA'!$A$2:$A$702, 'LOCALIZAÇÃO DE CARGA'!$I$2:$I$702 ) ), "" ) -> LGSCT | H114: =IFERROR( IF( _xlfn.XLOOKUP( B114, 'LOCALIZAÇÃO DE CARGA'!$A$2:$A$702, 'LOCALIZAÇÃO DE CARGA'!$F$2:$F$702 )="", "", _xlfn.XLOOKUP( B114, 'LOCALIZAÇÃO DE CARGA'!$A$2:$A$702, 'LOCALIZAÇÃO DE CARGA'!$F$2:$F$702 ) ), "" ) -> Não iniciado | I114: {=IFERROR( IF( INDEX( 'VISÃO LOGISTICA'!$C$2:$C$525, MATCH( TRUE, ISNUMBER(FIND(B114,'VISÃO LOGISTICA'!$A$2:$A$525)), 0 ) )="Em espera", "", INDEX( 'VISÃO LOGISTICA'!$C$2:$C$525, MATCH( TRUE, ISNUMBER(FIND(B114,'VISÃO LOGISTICA'!$A$2:$A$525)), 0 ) ) ), "" )} | J114: {=IFERROR( IF( OR( INDEX( 'VISÃO LOGISTICA'!$C$2:$C$2000, MATCH( TRUE, ISNUMBER(FIND(B114,'VISÃO LOGISTICA'!$A$2:$A$2000)), 0 ) )="Em espera", INDEX( 'VISÃO LOGISTICA'!$C$2:$C$2000, MATCH( TRUE, ISNUMBER(FIND(B114,'VISÃO LOGISTICA'!$A$2:$A$2000)), 0 ) )="" ), "", INDEX( 'VISÃO LOGISTICA'!$D$2:$D$2000, MATCH( TRUE, ISNUMBER(FIND(B114,'VISÃO LOGISTICA'!$A$2:$A$2000)), 0 ) ) ), "" )} | K114: =IFERROR( IF( _xlfn.XLOOKUP( B114, 'LOCALIZAÇÃO DE CARGA'!$A$2:$A$702, 'LOCALIZAÇÃO DE CARGA'!$E$2:$E$702)="", "", _xlfn.XLOOKUP( B114, 'LOCALIZAÇÃO DE CARGA'!$A$2:$A$702, 'LOCALIZAÇÃO DE CARGA'!$E$2:$E$702) ), "" ) -> 125330.1 | L114: {=IFERROR( _xlfn.LET( _xlpm.res,_xlfn.XLOOKUP(B114,'LOCALIZAÇÃO DE CARGA'!$A$2:$A$2000,'LOCALIZAÇÃO DE CARGA'!$G$2:$G$2000), IF(_xlpm.res="","",_xlpm.res) ), "" )} -> 46163.139 | M114: {=IFERROR( _xlfn.LET( _xlpm.load,_xlfn.XLOOKUP(B114,'LOCALIZAÇÃO DE CARGA'!$A$2:$A$2000,'LOCALIZAÇÃO DE CARGA'!$A$2:$A$2000), _xlpm.res,_xlfn.XLOOKUP(_xlpm.load,DOCUMENTOS!$A$2:$A$2000,DOCUMENTOS!$D$2:$D$2000), IF(_xlpm.res="","",_xlpm.res) ), "" )} -> 46158.333 | N114: =IFERROR(IF(M114="","",M114-TIME(1,0,0)),"") -> 46158.292 | O114: {=IFERROR( _xlfn.LET( _xlpm.res,_xlfn.XLOOKUP(B114,'LOCALIZAÇÃO DE CARGA'!$A$2:$A$2000,'LOCALIZAÇÃO DE CARGA'!$S$2:$S$2000), IF(_xlpm.res="","",_xlpm.res) ), "" )} -> 46164.25 | P114: {=IFERROR( _xlfn.LET( _xlpm.res,_xlfn.XLOOKUP(B114,'LOCALIZAÇÃO DE CARGA'!$A$2:$A$702,'LOCALIZAÇÃO DE CARGA'!$T$2:$T$702), IF(_xlpm.res="","",_xlpm.res) ), "" )} | Q114: =IFERROR( IF( _xlfn.XLOOKUP( B114, 'LOCALIZAÇÃO DE CARGA'!$A$2:$A$702, 'LOCALIZAÇÃO DE CARGA'!$K$2:$K$702 )="", "", _xlfn.XLOOKUP( B114, 'LOCALIZAÇÃO DE CARGA'!$A$2:$A$702, 'LOCALIZAÇÃO DE CARGA'!$K$2:$K$702 ) ), "" ) -> CARREFOUR COMERCIO E INDUSTRIA LTDA - 25085370 | R114: =IF(Q114="","",TRIM(IFERROR(LEFT(LEFT(Q114,FIND(" - ",Q114)-1),FIND("(",LEFT(Q114,FIND(" - ",Q114)-1))-1),LEFT(Q114,FIND(" - ",Q114)-1)))) -> CARREFOUR COMERCIO E INDUSTRIA LTDA | S114: {=IF(B114="","",IFERROR( INDEX( 'VISÃO LOGISTICA'!$L$2:$L$525, MATCH( TRUE, ISNUMBER(FIND(B114,'VISÃO LOGISTICA'!$A$2:$A$525)), 0 ) ), "" ))} | T114: {=IFERROR( _xlfn.LET( _xlpm.res,_xlfn.XLOOKUP(B114,'LOCALIZAÇÃO DE CARGA'!$A$2:$A$702,'LOCALIZAÇÃO DE CARGA'!$R$2:$R$702), IF(_xlpm.res="","",SUBSTITUTE(_xlpm.res,"/BRASIL","")) ), "" )} -> DUQUE DE CAXIAS/RJ
A115: =IF(M115="","",INT(M115)) -> 46157 | B115: 6022210 | C115: =IFERROR( IF(B115="","", IF(I115="Encerrada", "VERIFICAR SMP EM ANDAMENTO", IF(VALUE(SUBSTITUTE(K115,".",""))<100000, "DESCONSIDERA, VALOR NÃO RASTREADO", IF(AND(I115="EM VIAGEM",ISNUMBER(FIND("CAJAMAR/SP",S115))), IF(E115="Patio", "NA PENSKE - COM SMP - AGUARDANDO CARREGAMENTO", "NA PENSKE - COM SMP - AGUARDANDO SAÍDA"), IF(AND(I115="Pré-SMP",ISNUMBER(FIND("CAJAMAR/SP",S115))), IF(E115="Patio", "NA PENSKE - PRÉ-SMP - AGUARDANDO CARREGAMENTO", "NA PENSKE - PRÉ-SMP - AGUARDANDO SAÍDA"), IF(AND(I115="EM VIAGEM",ISNUMBER(FIND("ITAPOA/SC",S115))), "NA CLIF - COM SMP - AGUARDANDO SAÍDA", IF(AND(I115="Pré-SMP",ISNUMBER(FIND("ITAPOA/SC",S115))), "NA CLIF - PRÉ-SMP - AGUARDANDO SAÍDA", IF(I115="EM VIAGEM", "EM VIAGEM", IF(OR(L115="",N115=""), IF(I115="EM VIAGEM","SEM PREVISAO - COM SMP", IF(I115="Pré-SMP","SEM PREVISAO - PRÉ-SMP", "SEM PREVISAO - SEM SMP")), IF(M115>L115, IF(NOW()>N115, IF(E115="Finalizado", IF(I115="EM VIAGEM","CARREGADO - COM SMP", IF(I115="Pré-SMP","CARREGADO - PRÉ-SMP", "CARREGADO - SEM SMP")), IF(I115="EM VIAGEM","ATRASADO CARREGAMENTO - COM SMP - VERIFICAR AGENDAMENTO", IF(I115="Pré-SMP","ATRASADO CARREGAMENTO - PRÉ-SMP - VERIFICAR AGENDAMENTO", "ATRASADO CARREGAMENTO - SEM SMP - VERIFICAR AGENDAMENTO"))), IF(NOW()>L115, IF(I115="EM VIAGEM","ATRASADO ENTREGA - COM SMP - VERIFICAR AGENDAMENTO", IF(I115="Pré-SMP","ATRASADO ENTREGA - PRÉ-SMP - VERIFICAR AGENDAMENTO", "ATRASADO ENTREGA - SEM SMP - VERIFICAR AGENDAMENTO")), "OK NO PRAZO - VERIFICAR AGENDAMENTO")), IF(NOW()>L115, IF(I115="EM VIAGEM","ATRASADO ENTREGA - COM SMP", IF(I115="Pré-SMP","ATRASADO ENTREGA - PRÉ-SMP", "ATRASADO ENTREGA - SEM SMP")), IF(NOW()>N115, IF(E115="Finalizado", IF(I115="EM VIAGEM","CARREGADO - COM SMP", IF(I115="Pré-SMP","CARREGADO - PRÉ-SMP", "CARREGADO - SEM SMP")), IF(I115="EM VIAGEM","ATRASADO CARREGAMENTO - COM SMP", IF(I115="Pré-SMP","ATRASADO CARREGAMENTO - PRÉ-SMP", "ATRASADO CARREGAMENTO - SEM SMP"))), IF(L115-NOW()<=1, "ATENCAO - PROXIMO", "OK - NO PRAZO" ))))))))))))),"") -> ATRASADO CARREGAMENTO - SEM SMP | E115: =IFERROR( IF( _xlfn.XLOOKUP( B115, 'LOCALIZAÇÃO DE CARGA'!$A$2:$A$702, 'LOCALIZAÇÃO DE CARGA'!$D$2:$D$702 )="", "", _xlfn.XLOOKUP( B115, 'LOCALIZAÇÃO DE CARGA'!$A$2:$A$702, 'LOCALIZAÇÃO DE CARGA'!$D$2:$D$702 ) ), "" ) | F115: =IFERROR( IF( _xlfn.XLOOKUP( B115, 'LOCALIZAÇÃO DE CARGA'!$A$2:$A$702, 'LOCALIZAÇÃO DE CARGA'!$H$2:$H$702 )="", "", _xlfn.XLOOKUP( B115, 'LOCALIZAÇÃO DE CARGA'!$A$2:$A$702, 'LOCALIZAÇÃO DE CARGA'!$H$2:$H$702 ) ), "" ) -> FITA AZUL PE (FATELOG) | G115: =IFERROR( IF( _xlfn.XLOOKUP( B115, 'LOCALIZAÇÃO DE CARGA'!$A$2:$A$702, 'LOCALIZAÇÃO DE CARGA'!$I$2:$I$702 )="", "", _xlfn.XLOOKUP( B115, 'LOCALIZAÇÃO DE CARGA'!$A$2:$A$702, 'LOCALIZAÇÃO DE CARGA'!$I$2:$I$702 ) ), "" ) -> LGSCT | H115: =IFERROR( IF( _xlfn.XLOOKUP( B115, 'LOCALIZAÇÃO DE CARGA'!$A$2:$A$702, 'LOCALIZAÇÃO DE CARGA'!$F$2:$F$702 )="", "", _xlfn.XLOOKUP( B115, 'LOCALIZAÇÃO DE CARGA'!$A$2:$A$702, 'LOCALIZAÇÃO DE CARGA'!$F$2:$F$702 ) ), "" ) -> Andamento | I115: {=IFERROR( IF( INDEX( 'VISÃO LOGISTICA'!$C$2:$C$525, MATCH( TRUE, ISNUMBER(FIND(B115,'VISÃO LOGISTICA'!$A$2:$A$525)), 0 ) )="Em espera", "", INDEX( 'VISÃO LOGISTICA'!$C$2:$C$525, MATCH( TRUE, ISNUMBER(FIND(B115,'VISÃO LOGISTICA'!$A$2:$A$525)), 0 ) ) ), "" )} | J115: {=IFERROR( IF( OR( INDEX( 'VISÃO LOGISTICA'!$C$2:$C$2000, MATCH( TRUE, ISNUMBER(FIND(B115,'VISÃO LOGISTICA'!$A$2:$A$2000)), 0 ) )="Em espera", INDEX( 'VISÃO LOGISTICA'!$C$2:$C$2000, MATCH( TRUE, ISNUMBER(FIND(B115,'VISÃO LOGISTICA'!$A$2:$A$2000)), 0 ) )="" ), "", INDEX( 'VISÃO LOGISTICA'!$D$2:$D$2000, MATCH( TRUE, ISNUMBER(FIND(B115,'VISÃO LOGISTICA'!$A$2:$A$2000)), 0 ) ) ), "" )} | K115: =IFERROR( IF( _xlfn.XLOOKUP( B115, 'LOCALIZAÇÃO DE CARGA'!$A$2:$A$702, 'LOCALIZAÇÃO DE CARGA'!$E$2:$E$702)="", "", _xlfn.XLOOKUP( B115, 'LOCALIZAÇÃO DE CARGA'!$A$2:$A$702, 'LOCALIZAÇÃO DE CARGA'!$E$2:$E$702) ), "" ) -> 124391.13 | L115: {=IFERROR( _xlfn.LET( _xlpm.res,_xlfn.XLOOKUP(B115,'LOCALIZAÇÃO DE CARGA'!$A$2:$A$2000,'LOCALIZAÇÃO DE CARGA'!$G$2:$G$2000), IF(_xlpm.res="","",_xlpm.res) ), "" )} -> 46161.542 | M115: {=IFERROR( _xlfn.LET( _xlpm.load,_xlfn.XLOOKUP(B115,'LOCALIZAÇÃO DE CARGA'!$A$2:$A$2000,'LOCALIZAÇÃO DE CARGA'!$A$2:$A$2000), _xlpm.res,_xlfn.XLOOKUP(_xlpm.load,DOCUMENTOS!$A$2:$A$2000,DOCUMENTOS!$D$2:$D$2000), IF(_xlpm.res="","",_xlpm.res) ), "" )} -> 46157.75 | N115: =IFERROR(IF(M115="","",M115-TIME(1,0,0)),"") -> 46157.708 | O115: {=IFERROR( _xlfn.LET( _xlpm.res,_xlfn.XLOOKUP(B115,'LOCALIZAÇÃO DE CARGA'!$A$2:$A$2000,'LOCALIZAÇÃO DE CARGA'!$S$2:$S$2000), IF(_xlpm.res="","",_xlpm.res) ), "" )} -> 46167.25 | P115: {=IFERROR( _xlfn.LET( _xlpm.res,_xlfn.XLOOKUP(B115,'LOCALIZAÇÃO DE CARGA'!$A$2:$A$702,'LOCALIZAÇÃO DE CARGA'!$T$2:$T$702), IF(_xlpm.res="","",_xlpm.res) ), "" )} -> 46158.216 | Q115: =IFERROR( IF( _xlfn.XLOOKUP( B115, 'LOCALIZAÇÃO DE CARGA'!$A$2:$A$702, 'LOCALIZAÇÃO DE CARGA'!$K$2:$K$702 )="", "", _xlfn.XLOOKUP( B115, 'LOCALIZAÇÃO DE CARGA'!$A$2:$A$702, 'LOCALIZAÇÃO DE CARGA'!$K$2:$K$702 ) ), "" ) -> GRUPO CASAS BAHIA S.A(CD1887) - 54510000 | R115: =IF(Q115="","",TRIM(IFERROR(LEFT(LEFT(Q115,FIND(" - ",Q115)-1),FIND("(",LEFT(Q115,FIND(" - ",Q115)-1))-1),LEFT(Q115,FIND(" - ",Q115)-1)))) -> GRUPO CASAS BAHIA S.A | S115: {=IF(B115="","",IFERROR( INDEX( 'VISÃO LOGISTICA'!$L$2:$L$525, MATCH( TRUE, ISNUMBER(FIND(B115,'VISÃO LOGISTICA'!$A$2:$A$525)), 0 ) ), "" ))} | T115: {=IFERROR( _xlfn.LET( _xlpm.res,_xlfn.XLOOKUP(B115,'LOCALIZAÇÃO DE CARGA'!$A$2:$A$702,'LOCALIZAÇÃO DE CARGA'!$R$2:$R$702), IF(_xlpm.res="","",SUBSTITUTE(_xlpm.res,"/BRASIL","")) ), "" )} -> CABO DE SANTO AGOSTINHO/PE
A116: =IF(M116="","",INT(M116)) -> 46160 | B116: 6012700 | C116: =IFERROR( IF(B116="","", IF(I116="Encerrada", "VERIFICAR SMP EM ANDAMENTO", IF(VALUE(SUBSTITUTE(K116,".",""))<100000, "DESCONSIDERA, VALOR NÃO RASTREADO", IF(AND(I116="EM VIAGEM",ISNUMBER(FIND("CAJAMAR/SP",S116))), IF(E116="Patio", "NA PENSKE - COM SMP - AGUARDANDO CARREGAMENTO", "NA PENSKE - COM SMP - AGUARDANDO SAÍDA"), IF(AND(I116="Pré-SMP",ISNUMBER(FIND("CAJAMAR/SP",S116))), IF(E116="Patio", "NA PENSKE - PRÉ-SMP - AGUARDANDO CARREGAMENTO", "NA PENSKE - PRÉ-SMP - AGUARDANDO SAÍDA"), IF(AND(I116="EM VIAGEM",ISNUMBER(FIND("ITAPOA/SC",S116))), "NA CLIF - COM SMP - AGUARDANDO SAÍDA", IF(AND(I116="Pré-SMP",ISNUMBER(FIND("ITAPOA/SC",S116))), "NA CLIF - PRÉ-SMP - AGUARDANDO SAÍDA", IF(I116="EM VIAGEM", "EM VIAGEM", IF(OR(L116="",N116=""), IF(I116="EM VIAGEM","SEM PREVISAO - COM SMP", IF(I116="Pré-SMP","SEM PREVISAO - PRÉ-SMP", "SEM PREVISAO - SEM SMP")), IF(M116>L116, IF(NOW()>N116, IF(E116="Finalizado", IF(I116="EM VIAGEM","CARREGADO - COM SMP", IF(I116="Pré-SMP","CARREGADO - PRÉ-SMP", "CARREGADO - SEM SMP")), IF(I116="EM VIAGEM","ATRASADO CARREGAMENTO - COM SMP - VERIFICAR AGENDAMENTO", IF(I116="Pré-SMP","ATRASADO CARREGAMENTO - PRÉ-SMP - VERIFICAR AGENDAMENTO", "ATRASADO CARREGAMENTO - SEM SMP - VERIFICAR AGENDAMENTO"))), IF(NOW()>L116, IF(I116="EM VIAGEM","ATRASADO ENTREGA - COM SMP - VERIFICAR AGENDAMENTO", IF(I116="Pré-SMP","ATRASADO ENTREGA - PRÉ-SMP - VERIFICAR AGENDAMENTO", "ATRASADO ENTREGA - SEM SMP - VERIFICAR AGENDAMENTO")), "OK NO PRAZO - VERIFICAR AGENDAMENTO")), IF(NOW()>L116, IF(I116="EM VIAGEM","ATRASADO ENTREGA - COM SMP", IF(I116="Pré-SMP","ATRASADO ENTREGA - PRÉ-SMP", "ATRASADO ENTREGA - SEM SMP")), IF(NOW()>N116, IF(E116="Finalizado", IF(I116="EM VIAGEM","CARREGADO - COM SMP", IF(I116="Pré-SMP","CARREGADO - PRÉ-SMP", "CARREGADO - SEM SMP")), IF(I116="EM VIAGEM","ATRASADO CARREGAMENTO - COM SMP", IF(I116="Pré-SMP","ATRASADO CARREGAMENTO - PRÉ-SMP", "ATRASADO CARREGAMENTO - SEM SMP"))), IF(L116-NOW()<=1, "ATENCAO - PROXIMO", "OK - NO PRAZO" ))))))))))))),"") -> OK - NO PRAZO | E116: =IFERROR( IF( _xlfn.XLOOKUP( B116, 'LOCALIZAÇÃO DE CARGA'!$A$2:$A$702, 'LOCALIZAÇÃO DE CARGA'!$D$2:$D$702 )="", "", _xlfn.XLOOKUP( B116, 'LOCALIZAÇÃO DE CARGA'!$A$2:$A$702, 'LOCALIZAÇÃO DE CARGA'!$D$2:$D$702 ) ), "" ) | F116: =IFERROR( IF( _xlfn.XLOOKUP( B116, 'LOCALIZAÇÃO DE CARGA'!$A$2:$A$702, 'LOCALIZAÇÃO DE CARGA'!$H$2:$H$702 )="", "", _xlfn.XLOOKUP( B116, 'LOCALIZAÇÃO DE CARGA'!$A$2:$A$702, 'LOCALIZAÇÃO DE CARGA'!$H$2:$H$702 ) ), "" ) -> SUL CONTINEN | G116: =IFERROR( IF( _xlfn.XLOOKUP( B116, 'LOCALIZAÇÃO DE CARGA'!$A$2:$A$702, 'LOCALIZAÇÃO DE CARGA'!$I$2:$I$702 )="", "", _xlfn.XLOOKUP( B116, 'LOCALIZAÇÃO DE CARGA'!$A$2:$A$702, 'LOCALIZAÇÃO DE CARGA'!$I$2:$I$702 ) ), "" ) -> LGSCT | H116: =IFERROR( IF( _xlfn.XLOOKUP( B116, 'LOCALIZAÇÃO DE CARGA'!$A$2:$A$702, 'LOCALIZAÇÃO DE CARGA'!$F$2:$F$702 )="", "", _xlfn.XLOOKUP( B116, 'LOCALIZAÇÃO DE CARGA'!$A$2:$A$702, 'LOCALIZAÇÃO DE CARGA'!$F$2:$F$702 ) ), "" ) -> Não iniciado | I116: {=IFERROR( IF( INDEX( 'VISÃO LOGISTICA'!$C$2:$C$525, MATCH( TRUE, ISNUMBER(FIND(B116,'VISÃO LOGISTICA'!$A$2:$A$525)), 0 ) )="Em espera", "", INDEX( 'VISÃO LOGISTICA'!$C$2:$C$525, MATCH( TRUE, ISNUMBER(FIND(B116,'VISÃO LOGISTICA'!$A$2:$A$525)), 0 ) ) ), "" )} | J116: {=IFERROR( IF( OR( INDEX( 'VISÃO LOGISTICA'!$C$2:$C$2000, MATCH( TRUE, ISNUMBER(FIND(B116,'VISÃO LOGISTICA'!$A$2:$A$2000)), 0 ) )="Em espera", INDEX( 'VISÃO LOGISTICA'!$C$2:$C$2000, MATCH( TRUE, ISNUMBER(FIND(B116,'VISÃO LOGISTICA'!$A$2:$A$2000)), 0 ) )="" ), "", INDEX( 'VISÃO LOGISTICA'!$D$2:$D$2000, MATCH( TRUE, ISNUMBER(FIND(B116,'VISÃO LOGISTICA'!$A$2:$A$2000)), 0 ) ) ), "" )} | K116: =IFERROR( IF( _xlfn.XLOOKUP( B116, 'LOCALIZAÇÃO DE CARGA'!$A$2:$A$702, 'LOCALIZAÇÃO DE CARGA'!$E$2:$E$702)="", "", _xlfn.XLOOKUP( B116, 'LOCALIZAÇÃO DE CARGA'!$A$2:$A$702, 'LOCALIZAÇÃO DE CARGA'!$E$2:$E$702) ), "" ) -> 120822.3 | L116: {=IFERROR( _xlfn.LET( _xlpm.res,_xlfn.XLOOKUP(B116,'LOCALIZAÇÃO DE CARGA'!$A$2:$A$2000,'LOCALIZAÇÃO DE CARGA'!$G$2:$G$2000), IF(_xlpm.res="","",_xlpm.res) ), "" )} -> 46161.097 | M116: {=IFERROR( _xlfn.LET( _xlpm.load,_xlfn.XLOOKUP(B116,'LOCALIZAÇÃO DE CARGA'!$A$2:$A$2000,'LOCALIZAÇÃO DE CARGA'!$A$2:$A$2000), _xlpm.res,_xlfn.XLOOKUP(_xlpm.load,DOCUMENTOS!$A$2:$A$2000,DOCUMENTOS!$D$2:$D$2000), IF(_xlpm.res="","",_xlpm.res) ), "" )} -> 46160.625 | N116: =IFERROR(IF(M116="","",M116-TIME(1,0,0)),"") -> 46160.583 | O116: {=IFERROR( _xlfn.LET( _xlpm.res,_xlfn.XLOOKUP(B116,'LOCALIZAÇÃO DE CARGA'!$A$2:$A$2000,'LOCALIZAÇÃO DE CARGA'!$S$2:$S$2000), IF(_xlpm.res="","",_xlpm.res) ), "" )} -> 46161.25 | P116: {=IFERROR( _xlfn.LET( _xlpm.res,_xlfn.XLOOKUP(B116,'LOCALIZAÇÃO DE CARGA'!$A$2:$A$702,'LOCALIZAÇÃO DE CARGA'!$T$2:$T$702), IF(_xlpm.res="","",_xlpm.res) ), "" )} | Q116: =IFERROR( IF( _xlfn.XLOOKUP( B116, 'LOCALIZAÇÃO DE CARGA'!$A$2:$A$702, 'LOCALIZAÇÃO DE CARGA'!$K$2:$K$702 )="", "", _xlfn.XLOOKUP( B116, 'LOCALIZAÇÃO DE CARGA'!$A$2:$A$702, 'LOCALIZAÇÃO DE CARGA'!$K$2:$K$702 ) ), "" ) -> MAGAZINE LUIZA S/A (CD2900) - 83704530 | R116: =IF(Q116="","",TRIM(IFERROR(LEFT(LEFT(Q116,FIND(" - ",Q116)-1),FIND("(",LEFT(Q116,FIND(" - ",Q116)-1))-1),LEFT(Q116,FIND(" - ",Q116)-1)))) -> MAGAZINE LUIZA S/A | S116: {=IF(B116="","",IFERROR( INDEX( 'VISÃO LOGISTICA'!$L$2:$L$525, MATCH( TRUE, ISNUMBER(FIND(B116,'VISÃO LOGISTICA'!$A$2:$A$525)), 0 ) ), "" ))} | T116: {=IFERROR( _xlfn.LET( _xlpm.res,_xlfn.XLOOKUP(B116,'LOCALIZAÇÃO DE CARGA'!$A$2:$A$702,'LOCALIZAÇÃO DE CARGA'!$R$2:$R$702), IF(_xlpm.res="","",SUBSTITUTE(_xlpm.res,"/BRASIL","")) ), "" )} -> ARAUCARIA/PR
A117: =IF(M117="","",INT(M117)) -> 46157 | B117: 6022053 | C117: =IFERROR( IF(B117="","", IF(I117="Encerrada", "VERIFICAR SMP EM ANDAMENTO", IF(VALUE(SUBSTITUTE(K117,".",""))<100000, "DESCONSIDERA, VALOR NÃO RASTREADO", IF(AND(I117="EM VIAGEM",ISNUMBER(FIND("CAJAMAR/SP",S117))), IF(E117="Patio", "NA PENSKE - COM SMP - AGUARDANDO CARREGAMENTO", "NA PENSKE - COM SMP - AGUARDANDO SAÍDA"), IF(AND(I117="Pré-SMP",ISNUMBER(FIND("CAJAMAR/SP",S117))), IF(E117="Patio", "NA PENSKE - PRÉ-SMP - AGUARDANDO CARREGAMENTO", "NA PENSKE - PRÉ-SMP - AGUARDANDO SAÍDA"), IF(AND(I117="EM VIAGEM",ISNUMBER(FIND("ITAPOA/SC",S117))), "NA CLIF - COM SMP - AGUARDANDO SAÍDA", IF(AND(I117="Pré-SMP",ISNUMBER(FIND("ITAPOA/SC",S117))), "NA CLIF - PRÉ-SMP - AGUARDANDO SAÍDA", IF(I117="EM VIAGEM", "EM VIAGEM", IF(OR(L117="",N117=""), IF(I117="EM VIAGEM","SEM PREVISAO - COM SMP", IF(I117="Pré-SMP","SEM PREVISAO - PRÉ-SMP", "SEM PREVISAO - SEM SMP")), IF(M117>L117, IF(NOW()>N117, IF(E117="Finalizado", IF(I117="EM VIAGEM","CARREGADO - COM SMP", IF(I117="Pré-SMP","CARREGADO - PRÉ-SMP", "CARREGADO - SEM SMP")), IF(I117="EM VIAGEM","ATRASADO CARREGAMENTO - COM SMP - VERIFICAR AGENDAMENTO", IF(I117="Pré-SMP","ATRASADO CARREGAMENTO - PRÉ-SMP - VERIFICAR AGENDAMENTO", "ATRASADO CARREGAMENTO - SEM SMP - VERIFICAR AGENDAMENTO"))), IF(NOW()>L117, IF(I117="EM VIAGEM","ATRASADO ENTREGA - COM SMP - VERIFICAR AGENDAMENTO", IF(I117="Pré-SMP","ATRASADO ENTREGA - PRÉ-SMP - VERIFICAR AGENDAMENTO", "ATRASADO ENTREGA - SEM SMP - VERIFICAR AGENDAMENTO")), "OK NO PRAZO - VERIFICAR AGENDAMENTO")), IF(NOW()>L117, IF(I117="EM VIAGEM","ATRASADO ENTREGA - COM SMP", IF(I117="Pré-SMP","ATRASADO ENTREGA - PRÉ-SMP", "ATRASADO ENTREGA - SEM SMP")), IF(NOW()>N117, IF(E117="Finalizado", IF(I117="EM VIAGEM","CARREGADO - COM SMP", IF(I117="Pré-SMP","CARREGADO - PRÉ-SMP", "CARREGADO - SEM SMP")), IF(I117="EM VIAGEM","ATRASADO CARREGAMENTO - COM SMP", IF(I117="Pré-SMP","ATRASADO CARREGAMENTO - PRÉ-SMP", "ATRASADO CARREGAMENTO - SEM SMP"))), IF(L117-NOW()<=1, "ATENCAO - PROXIMO", "OK - NO PRAZO" ))))))))))))),"") -> ATRASADO CARREGAMENTO - SEM SMP | E117: =IFERROR( IF( _xlfn.XLOOKUP( B117, 'LOCALIZAÇÃO DE CARGA'!$A$2:$A$702, 'LOCALIZAÇÃO DE CARGA'!$D$2:$D$702 )="", "", _xlfn.XLOOKUP( B117, 'LOCALIZAÇÃO DE CARGA'!$A$2:$A$702, 'LOCALIZAÇÃO DE CARGA'!$D$2:$D$702 ) ), "" ) | F117: =IFERROR( IF( _xlfn.XLOOKUP( B117, 'LOCALIZAÇÃO DE CARGA'!$A$2:$A$702, 'LOCALIZAÇÃO DE CARGA'!$H$2:$H$702 )="", "", _xlfn.XLOOKUP( B117, 'LOCALIZAÇÃO DE CARGA'!$A$2:$A$702, 'LOCALIZAÇÃO DE CARGA'!$H$2:$H$702 ) ), "" ) -> TR RAMTHUN | G117: =IFERROR( IF( _xlfn.XLOOKUP( B117, 'LOCALIZAÇÃO DE CARGA'!$A$2:$A$702, 'LOCALIZAÇÃO DE CARGA'!$I$2:$I$702 )="", "", _xlfn.XLOOKUP( B117, 'LOCALIZAÇÃO DE CARGA'!$A$2:$A$702, 'LOCALIZAÇÃO DE CARGA'!$I$2:$I$702 ) ), "" ) -> LGCAJ | H117: =IFERROR( IF( _xlfn.XLOOKUP( B117, 'LOCALIZAÇÃO DE CARGA'!$A$2:$A$702, 'LOCALIZAÇÃO DE CARGA'!$F$2:$F$702 )="", "", _xlfn.XLOOKUP( B117, 'LOCALIZAÇÃO DE CARGA'!$A$2:$A$702, 'LOCALIZAÇÃO DE CARGA'!$F$2:$F$702 ) ), "" ) -> Não iniciado | I117: {=IFERROR( IF( INDEX( 'VISÃO LOGISTICA'!$C$2:$C$525, MATCH( TRUE, ISNUMBER(FIND(B117,'VISÃO LOGISTICA'!$A$2:$A$525)), 0 ) )="Em espera", "", INDEX( 'VISÃO LOGISTICA'!$C$2:$C$525, MATCH( TRUE, ISNUMBER(FIND(B117,'VISÃO LOGISTICA'!$A$2:$A$525)), 0 ) ) ), "" )} | J117: {=IFERROR( IF( OR( INDEX( 'VISÃO LOGISTICA'!$C$2:$C$2000, MATCH( TRUE, ISNUMBER(FIND(B117,'VISÃO LOGISTICA'!$A$2:$A$2000)), 0 ) )="Em espera", INDEX( 'VISÃO LOGISTICA'!$C$2:$C$2000, MATCH( TRUE, ISNUMBER(FIND(B117,'VISÃO LOGISTICA'!$A$2:$A$2000)), 0 ) )="" ), "", INDEX( 'VISÃO LOGISTICA'!$D$2:$D$2000, MATCH( TRUE, ISNUMBER(FIND(B117,'VISÃO LOGISTICA'!$A$2:$A$2000)), 0 ) ) ), "" )} | K117: =IFERROR( IF( _xlfn.XLOOKUP( B117, 'LOCALIZAÇÃO DE CARGA'!$A$2:$A$702, 'LOCALIZAÇÃO DE CARGA'!$E$2:$E$702)="", "", _xlfn.XLOOKUP( B117, 'LOCALIZAÇÃO DE CARGA'!$A$2:$A$702, 'LOCALIZAÇÃO DE CARGA'!$E$2:$E$702) ), "" ) -> 115977.4 | L117: {=IFERROR( _xlfn.LET( _xlpm.res,_xlfn.XLOOKUP(B117,'LOCALIZAÇÃO DE CARGA'!$A$2:$A$2000,'LOCALIZAÇÃO DE CARGA'!$G$2:$G$2000), IF(_xlpm.res="","",_xlpm.res) ), "" )} -> 46160.154 | M117: {=IFERROR( _xlfn.LET( _xlpm.load,_xlfn.XLOOKUP(B117,'LOCALIZAÇÃO DE CARGA'!$A$2:$A$2000,'LOCALIZAÇÃO DE CARGA'!$A$2:$A$2000), _xlpm.res,_xlfn.XLOOKUP(_xlpm.load,DOCUMENTOS!$A$2:$A$2000,DOCUMENTOS!$D$2:$D$2000), IF(_xlpm.res="","",_xlpm.res) ), "" )} -> 46157.458 | N117: =IFERROR(IF(M117="","",M117-TIME(1,0,0)),"") -> 46157.417 | O117: {=IFERROR( _xlfn.LET( _xlpm.res,_xlfn.XLOOKUP(B117,'LOCALIZAÇÃO DE CARGA'!$A$2:$A$2000,'LOCALIZAÇÃO DE CARGA'!$S$2:$S$2000), IF(_xlpm.res="","",_xlpm.res) ), "" )} -> 46160.25 | P117: {=IFERROR( _xlfn.LET( _xlpm.res,_xlfn.XLOOKUP(B117,'LOCALIZAÇÃO DE CARGA'!$A$2:$A$702,'LOCALIZAÇÃO DE CARGA'!$T$2:$T$702), IF(_xlpm.res="","",_xlpm.res) ), "" )} | Q117: =IFERROR( IF( _xlfn.XLOOKUP( B117, 'LOCALIZAÇÃO DE CARGA'!$A$2:$A$702, 'LOCALIZAÇÃO DE CARGA'!$K$2:$K$702 )="", "", _xlfn.XLOOKUP( B117, 'LOCALIZAÇÃO DE CARGA'!$A$2:$A$702, 'LOCALIZAÇÃO DE CARGA'!$K$2:$K$702 ) ), "" ) -> GRUPO CASAS BAHIA S.A(CD1200) - 13203850 | R117: =IF(Q117="","",TRIM(IFERROR(LEFT(LEFT(Q117,FIND(" - ",Q117)-1),FIND("(",LEFT(Q117,FIND(" - ",Q117)-1))-1),LEFT(Q117,FIND(" - ",Q117)-1)))) -> GRUPO CASAS BAHIA S.A | S117: {=IF(B117="","",IFERROR( INDEX( 'VISÃO LOGISTICA'!$L$2:$L$525, MATCH( TRUE, ISNUMBER(FIND(B117,'VISÃO LOGISTICA'!$A$2:$A$525)), 0 ) ), "" ))} | T117: {=IFERROR( _xlfn.LET( _xlpm.res,_xlfn.XLOOKUP(B117,'LOCALIZAÇÃO DE CARGA'!$A$2:$A$702,'LOCALIZAÇÃO DE CARGA'!$R$2:$R$702), IF(_xlpm.res="","",SUBSTITUTE(_xlpm.res,"/BRASIL","")) ), "" )} -> JUNDIAI/SP
A118: =IF(M118="","",INT(M118)) -> 46157 | B118: 6023036 | C118: =IFERROR( IF(B118="","", IF(I118="Encerrada", "VERIFICAR SMP EM ANDAMENTO", IF(VALUE(SUBSTITUTE(K118,".",""))<100000, "DESCONSIDERA, VALOR NÃO RASTREADO", IF(AND(I118="EM VIAGEM",ISNUMBER(FIND("CAJAMAR/SP",S118))), IF(E118="Patio", "NA PENSKE - COM SMP - AGUARDANDO CARREGAMENTO", "NA PENSKE - COM SMP - AGUARDANDO SAÍDA"), IF(AND(I118="Pré-SMP",ISNUMBER(FIND("CAJAMAR/SP",S118))), IF(E118="Patio", "NA PENSKE - PRÉ-SMP - AGUARDANDO CARREGAMENTO", "NA PENSKE - PRÉ-SMP - AGUARDANDO SAÍDA"), IF(AND(I118="EM VIAGEM",ISNUMBER(FIND("ITAPOA/SC",S118))), "NA CLIF - COM SMP - AGUARDANDO SAÍDA", IF(AND(I118="Pré-SMP",ISNUMBER(FIND("ITAPOA/SC",S118))), "NA CLIF - PRÉ-SMP - AGUARDANDO SAÍDA", IF(I118="EM VIAGEM", "EM VIAGEM", IF(OR(L118="",N118=""), IF(I118="EM VIAGEM","SEM PREVISAO - COM SMP", IF(I118="Pré-SMP","SEM PREVISAO - PRÉ-SMP", "SEM PREVISAO - SEM SMP")), IF(M118>L118, IF(NOW()>N118, IF(E118="Finalizado", IF(I118="EM VIAGEM","CARREGADO - COM SMP", IF(I118="Pré-SMP","CARREGADO - PRÉ-SMP", "CARREGADO - SEM SMP")), IF(I118="EM VIAGEM","ATRASADO CARREGAMENTO - COM SMP - VERIFICAR AGENDAMENTO", IF(I118="Pré-SMP","ATRASADO CARREGAMENTO - PRÉ-SMP - VERIFICAR AGENDAMENTO", "ATRASADO CARREGAMENTO - SEM SMP - VERIFICAR AGENDAMENTO"))), IF(NOW()>L118, IF(I118="EM VIAGEM","ATRASADO ENTREGA - COM SMP - VERIFICAR AGENDAMENTO", IF(I118="Pré-SMP","ATRASADO ENTREGA - PRÉ-SMP - VERIFICAR AGENDAMENTO", "ATRASADO ENTREGA - SEM SMP - VERIFICAR AGENDAMENTO")), "OK NO PRAZO - VERIFICAR AGENDAMENTO")), IF(NOW()>L118, IF(I118="EM VIAGEM","ATRASADO ENTREGA - COM SMP", IF(I118="Pré-SMP","ATRASADO ENTREGA - PRÉ-SMP", "ATRASADO ENTREGA - SEM SMP")), IF(NOW()>N118, IF(E118="Finalizado", IF(I118="EM VIAGEM","CARREGADO - COM SMP", IF(I118="Pré-SMP","CARREGADO - PRÉ-SMP", "CARREGADO - SEM SMP")), IF(I118="EM VIAGEM","ATRASADO CARREGAMENTO - COM SMP", IF(I118="Pré-SMP","ATRASADO CARREGAMENTO - PRÉ-SMP", "ATRASADO CARREGAMENTO - SEM SMP"))), IF(L118-NOW()<=1, "ATENCAO - PROXIMO", "OK - NO PRAZO" ))))))))))))),"") -> ATRASADO ENTREGA - SEM SMP | E118: =IFERROR( IF( _xlfn.XLOOKUP( B118, 'LOCALIZAÇÃO DE CARGA'!$A$2:$A$702, 'LOCALIZAÇÃO DE CARGA'!$D$2:$D$702 )="", "", _xlfn.XLOOKUP( B118, 'LOCALIZAÇÃO DE CARGA'!$A$2:$A$702, 'LOCALIZAÇÃO DE CARGA'!$D$2:$D$702 ) ), "" ) | F118: =IFERROR( IF( _xlfn.XLOOKUP( B118, 'LOCALIZAÇÃO DE CARGA'!$A$2:$A$702, 'LOCALIZAÇÃO DE CARGA'!$H$2:$H$702 )="", "", _xlfn.XLOOKUP( B118, 'LOCALIZAÇÃO DE CARGA'!$A$2:$A$702, 'LOCALIZAÇÃO DE CARGA'!$H$2:$H$702 ) ), "" ) -> FITA AZUL PE (FATELOG) | G118: =IFERROR( IF( _xlfn.XLOOKUP( B118, 'LOCALIZAÇÃO DE CARGA'!$A$2:$A$702, 'LOCALIZAÇÃO DE CARGA'!$I$2:$I$702 )="", "", _xlfn.XLOOKUP( B118, 'LOCALIZAÇÃO DE CARGA'!$A$2:$A$702, 'LOCALIZAÇÃO DE CARGA'!$I$2:$I$702 ) ), "" ) -> LGSCT | H118: =IFERROR( IF( _xlfn.XLOOKUP( B118, 'LOCALIZAÇÃO DE CARGA'!$A$2:$A$702, 'LOCALIZAÇÃO DE CARGA'!$F$2:$F$702 )="", "", _xlfn.XLOOKUP( B118, 'LOCALIZAÇÃO DE CARGA'!$A$2:$A$702, 'LOCALIZAÇÃO DE CARGA'!$F$2:$F$702 ) ), "" ) -> Andamento | I118: {=IFERROR( IF( INDEX( 'VISÃO LOGISTICA'!$C$2:$C$525, MATCH( TRUE, ISNUMBER(FIND(B118,'VISÃO LOGISTICA'!$A$2:$A$525)), 0 ) )="Em espera", "", INDEX( 'VISÃO LOGISTICA'!$C$2:$C$525, MATCH( TRUE, ISNUMBER(FIND(B118,'VISÃO LOGISTICA'!$A$2:$A$525)), 0 ) ) ), "" )} | J118: {=IFERROR( IF( OR( INDEX( 'VISÃO LOGISTICA'!$C$2:$C$2000, MATCH( TRUE, ISNUMBER(FIND(B118,'VISÃO LOGISTICA'!$A$2:$A$2000)), 0 ) )="Em espera", INDEX( 'VISÃO LOGISTICA'!$C$2:$C$2000, MATCH( TRUE, ISNUMBER(FIND(B118,'VISÃO LOGISTICA'!$A$2:$A$2000)), 0 ) )="" ), "", INDEX( 'VISÃO LOGISTICA'!$D$2:$D$2000, MATCH( TRUE, ISNUMBER(FIND(B118,'VISÃO LOGISTICA'!$A$2:$A$2000)), 0 ) ) ), "" )} | K118: =IFERROR( IF( _xlfn.XLOOKUP( B118, 'LOCALIZAÇÃO DE CARGA'!$A$2:$A$702, 'LOCALIZAÇÃO DE CARGA'!$E$2:$E$702)="", "", _xlfn.XLOOKUP( B118, 'LOCALIZAÇÃO DE CARGA'!$A$2:$A$702, 'LOCALIZAÇÃO DE CARGA'!$E$2:$E$702) ), "" ) -> 112357.74 | L118: {=IFERROR( _xlfn.LET( _xlpm.res,_xlfn.XLOOKUP(B118,'LOCALIZAÇÃO DE CARGA'!$A$2:$A$2000,'LOCALIZAÇÃO DE CARGA'!$G$2:$G$2000), IF(_xlpm.res="","",_xlpm.res) ), "" )} -> 46157.75 | M118: {=IFERROR( _xlfn.LET( _xlpm.load,_xlfn.XLOOKUP(B118,'LOCALIZAÇÃO DE CARGA'!$A$2:$A$2000,'LOCALIZAÇÃO DE CARGA'!$A$2:$A$2000), _xlpm.res,_xlfn.XLOOKUP(_xlpm.load,DOCUMENTOS!$A$2:$A$2000,DOCUMENTOS!$D$2:$D$2000), IF(_xlpm.res="","",_xlpm.res) ), "" )} -> 46157.75 | N118: =IFERROR(IF(M118="","",M118-TIME(1,0,0)),"") -> 46157.708 | O118: {=IFERROR( _xlfn.LET( _xlpm.res,_xlfn.XLOOKUP(B118,'LOCALIZAÇÃO DE CARGA'!$A$2:$A$2000,'LOCALIZAÇÃO DE CARGA'!$S$2:$S$2000), IF(_xlpm.res="","",_xlpm.res) ), "" )} -> 46169.25 | P118: {=IFERROR( _xlfn.LET( _xlpm.res,_xlfn.XLOOKUP(B118,'LOCALIZAÇÃO DE CARGA'!$A$2:$A$702,'LOCALIZAÇÃO DE CARGA'!$T$2:$T$702), IF(_xlpm.res="","",_xlpm.res) ), "" )} -> 46158.216 | Q118: =IFERROR( IF( _xlfn.XLOOKUP( B118, 'LOCALIZAÇÃO DE CARGA'!$A$2:$A$702, 'LOCALIZAÇÃO DE CARGA'!$K$2:$K$702 )="", "", _xlfn.XLOOKUP( B118, 'LOCALIZAÇÃO DE CARGA'!$A$2:$A$702, 'LOCALIZAÇÃO DE CARGA'!$K$2:$K$702 ) ), "" ) -> GRUPO CASAS BAHIA S.A(CD1635) - 78098530 | R118: =IF(Q118="","",TRIM(IFERROR(LEFT(LEFT(Q118,FIND(" - ",Q118)-1),FIND("(",LEFT(Q118,FIND(" - ",Q118)-1))-1),LEFT(Q118,FIND(" - ",Q118)-1)))) -> GRUPO CASAS BAHIA S.A | S118: {=IF(B118="","",IFERROR( INDEX( 'VISÃO LOGISTICA'!$L$2:$L$525, MATCH( TRUE, ISNUMBER(FIND(B118,'VISÃO LOGISTICA'!$A$2:$A$525)), 0 ) ), "" ))} | T118: {=IFERROR( _xlfn.LET( _xlpm.res,_xlfn.XLOOKUP(B118,'LOCALIZAÇÃO DE CARGA'!$A$2:$A$702,'LOCALIZAÇÃO DE CARGA'!$R$2:$R$702), IF(_xlpm.res="","",SUBSTITUTE(_xlpm.res,"/BRASIL","")) ), "" )} -> CUIABA/MT
A119: =IF(M119="","",INT(M119)) -> 46158 | B119: 6023014 | C119: =IFERROR( IF(B119="","", IF(I119="Encerrada", "VERIFICAR SMP EM ANDAMENTO", IF(VALUE(SUBSTITUTE(K119,".",""))<100000, "DESCONSIDERA, VALOR NÃO RASTREADO", IF(AND(I119="EM VIAGEM",ISNUMBER(FIND("CAJAMAR/SP",S119))), IF(E119="Patio", "NA PENSKE - COM SMP - AGUARDANDO CARREGAMENTO", "NA PENSKE - COM SMP - AGUARDANDO SAÍDA"), IF(AND(I119="Pré-SMP",ISNUMBER(FIND("CAJAMAR/SP",S119))), IF(E119="Patio", "NA PENSKE - PRÉ-SMP - AGUARDANDO CARREGAMENTO", "NA PENSKE - PRÉ-SMP - AGUARDANDO SAÍDA"), IF(AND(I119="EM VIAGEM",ISNUMBER(FIND("ITAPOA/SC",S119))), "NA CLIF - COM SMP - AGUARDANDO SAÍDA", IF(AND(I119="Pré-SMP",ISNUMBER(FIND("ITAPOA/SC",S119))), "NA CLIF - PRÉ-SMP - AGUARDANDO SAÍDA", IF(I119="EM VIAGEM", "EM VIAGEM", IF(OR(L119="",N119=""), IF(I119="EM VIAGEM","SEM PREVISAO - COM SMP", IF(I119="Pré-SMP","SEM PREVISAO - PRÉ-SMP", "SEM PREVISAO - SEM SMP")), IF(M119>L119, IF(NOW()>N119, IF(E119="Finalizado", IF(I119="EM VIAGEM","CARREGADO - COM SMP", IF(I119="Pré-SMP","CARREGADO - PRÉ-SMP", "CARREGADO - SEM SMP")), IF(I119="EM VIAGEM","ATRASADO CARREGAMENTO - COM SMP - VERIFICAR AGENDAMENTO", IF(I119="Pré-SMP","ATRASADO CARREGAMENTO - PRÉ-SMP - VERIFICAR AGENDAMENTO", "ATRASADO CARREGAMENTO - SEM SMP - VERIFICAR AGENDAMENTO"))), IF(NOW()>L119, IF(I119="EM VIAGEM","ATRASADO ENTREGA - COM SMP - VERIFICAR AGENDAMENTO", IF(I119="Pré-SMP","ATRASADO ENTREGA - PRÉ-SMP - VERIFICAR AGENDAMENTO", "ATRASADO ENTREGA - SEM SMP - VERIFICAR AGENDAMENTO")), "OK NO PRAZO - VERIFICAR AGENDAMENTO")), IF(NOW()>L119, IF(I119="EM VIAGEM","ATRASADO ENTREGA - COM SMP", IF(I119="Pré-SMP","ATRASADO ENTREGA - PRÉ-SMP", "ATRASADO ENTREGA - SEM SMP")), IF(NOW()>N119, IF(E119="Finalizado", IF(I119="EM VIAGEM","CARREGADO - COM SMP", IF(I119="Pré-SMP","CARREGADO - PRÉ-SMP", "CARREGADO - SEM SMP")), IF(I119="EM VIAGEM","ATRASADO CARREGAMENTO - COM SMP", IF(I119="Pré-SMP","ATRASADO CARREGAMENTO - PRÉ-SMP", "ATRASADO CARREGAMENTO - SEM SMP"))), IF(L119-NOW()<=1, "ATENCAO - PROXIMO", "OK - NO PRAZO" ))))))))))))),"") -> ATRASADO CARREGAMENTO - SEM SMP | E119: =IFERROR( IF( _xlfn.XLOOKUP( B119, 'LOCALIZAÇÃO DE CARGA'!$A$2:$A$702, 'LOCALIZAÇÃO DE CARGA'!$D$2:$D$702 )="", "", _xlfn.XLOOKUP( B119, 'LOCALIZAÇÃO DE CARGA'!$A$2:$A$702, 'LOCALIZAÇÃO DE CARGA'!$D$2:$D$702 ) ), "" ) | F119: =IFERROR( IF( _xlfn.XLOOKUP( B119, 'LOCALIZAÇÃO DE CARGA'!$A$2:$A$702, 'LOCALIZAÇÃO DE CARGA'!$H$2:$H$702 )="", "", _xlfn.XLOOKUP( B119, 'LOCALIZAÇÃO DE CARGA'!$A$2:$A$702, 'LOCALIZAÇÃO DE CARGA'!$H$2:$H$702 ) ), "" ) -> TRANSBOCAYUV | G119: =IFERROR( IF( _xlfn.XLOOKUP( B119, 'LOCALIZAÇÃO DE CARGA'!$A$2:$A$702, 'LOCALIZAÇÃO DE CARGA'!$I$2:$I$702 )="", "", _xlfn.XLOOKUP( B119, 'LOCALIZAÇÃO DE CARGA'!$A$2:$A$702, 'LOCALIZAÇÃO DE CARGA'!$I$2:$I$702 ) ), "" ) -> LGSCT | H119: =IFERROR( IF( _xlfn.XLOOKUP( B119, 'LOCALIZAÇÃO DE CARGA'!$A$2:$A$702, 'LOCALIZAÇÃO DE CARGA'!$F$2:$F$702 )="", "", _xlfn.XLOOKUP( B119, 'LOCALIZAÇÃO DE CARGA'!$A$2:$A$702, 'LOCALIZAÇÃO DE CARGA'!$F$2:$F$702 ) ), "" ) -> Não iniciado | I119: {=IFERROR( IF( INDEX( 'VISÃO LOGISTICA'!$C$2:$C$525, MATCH( TRUE, ISNUMBER(FIND(B119,'VISÃO LOGISTICA'!$A$2:$A$525)), 0 ) )="Em espera", "", INDEX( 'VISÃO LOGISTICA'!$C$2:$C$525, MATCH( TRUE, ISNUMBER(FIND(B119,'VISÃO LOGISTICA'!$A$2:$A$525)), 0 ) ) ), "" )} | J119: {=IFERROR( IF( OR( INDEX( 'VISÃO LOGISTICA'!$C$2:$C$2000, MATCH( TRUE, ISNUMBER(FIND(B119,'VISÃO LOGISTICA'!$A$2:$A$2000)), 0 ) )="Em espera", INDEX( 'VISÃO LOGISTICA'!$C$2:$C$2000, MATCH( TRUE, ISNUMBER(FIND(B119,'VISÃO LOGISTICA'!$A$2:$A$2000)), 0 ) )="" ), "", INDEX( 'VISÃO LOGISTICA'!$D$2:$D$2000, MATCH( TRUE, ISNUMBER(FIND(B119,'VISÃO LOGISTICA'!$A$2:$A$2000)), 0 ) ) ), "" )} | K119: =IFERROR( IF( _xlfn.XLOOKUP( B119, 'LOCALIZAÇÃO DE CARGA'!$A$2:$A$702, 'LOCALIZAÇÃO DE CARGA'!$E$2:$E$702)="", "", _xlfn.XLOOKUP( B119, 'LOCALIZAÇÃO DE CARGA'!$A$2:$A$702, 'LOCALIZAÇÃO DE CARGA'!$E$2:$E$702) ), "" ) -> 106005.94 | L119: {=IFERROR( _xlfn.LET( _xlpm.res,_xlfn.XLOOKUP(B119,'LOCALIZAÇÃO DE CARGA'!$A$2:$A$2000,'LOCALIZAÇÃO DE CARGA'!$G$2:$G$2000), IF(_xlpm.res="","",_xlpm.res) ), "" )} -> 46163.139 | M119: {=IFERROR( _xlfn.LET( _xlpm.load,_xlfn.XLOOKUP(B119,'LOCALIZAÇÃO DE CARGA'!$A$2:$A$2000,'LOCALIZAÇÃO DE CARGA'!$A$2:$A$2000), _xlpm.res,_xlfn.XLOOKUP(_xlpm.load,DOCUMENTOS!$A$2:$A$2000,DOCUMENTOS!$D$2:$D$2000), IF(_xlpm.res="","",_xlpm.res) ), "" )} -> 46158.333 | N119: =IFERROR(IF(M119="","",M119-TIME(1,0,0)),"") -> 46158.292 | O119: {=IFERROR( _xlfn.LET( _xlpm.res,_xlfn.XLOOKUP(B119,'LOCALIZAÇÃO DE CARGA'!$A$2:$A$2000,'LOCALIZAÇÃO DE CARGA'!$S$2:$S$2000), IF(_xlpm.res="","",_xlpm.res) ), "" )} -> 46164.25 | P119: {=IFERROR( _xlfn.LET( _xlpm.res,_xlfn.XLOOKUP(B119,'LOCALIZAÇÃO DE CARGA'!$A$2:$A$702,'LOCALIZAÇÃO DE CARGA'!$T$2:$T$702), IF(_xlpm.res="","",_xlpm.res) ), "" )} | Q119: =IFERROR( IF( _xlfn.XLOOKUP( B119, 'LOCALIZAÇÃO DE CARGA'!$A$2:$A$702, 'LOCALIZAÇÃO DE CARGA'!$K$2:$K$702 )="", "", _xlfn.XLOOKUP( B119, 'LOCALIZAÇÃO DE CARGA'!$A$2:$A$702, 'LOCALIZAÇÃO DE CARGA'!$K$2:$K$702 ) ), "" ) -> GRUPO CASAS BAHIA S.A(CD1401) - 25255030 | R119: =IF(Q119="","",TRIM(IFERROR(LEFT(LEFT(Q119,FIND(" - ",Q119)-1),FIND("(",LEFT(Q119,FIND(" - ",Q119)-1))-1),LEFT(Q119,FIND(" - ",Q119)-1)))) -> GRUPO CASAS BAHIA S.A | S119: {=IF(B119="","",IFERROR( INDEX( 'VISÃO LOGISTICA'!$L$2:$L$525, MATCH( TRUE, ISNUMBER(FIND(B119,'VISÃO LOGISTICA'!$A$2:$A$525)), 0 ) ), "" ))} | T119: {=IFERROR( _xlfn.LET( _xlpm.res,_xlfn.XLOOKUP(B119,'LOCALIZAÇÃO DE CARGA'!$A$2:$A$702,'LOCALIZAÇÃO DE CARGA'!$R$2:$R$702), IF(_xlpm.res="","",SUBSTITUTE(_xlpm.res,"/BRASIL","")) ), "" )} -> DUQUE DE CAXIAS/RJ
... A149: =IF(M149="","",INT(M149)) -> 46157 | B149: 6014660 | C149: =IFERROR( IF(B149="","", IF(I149="Encerrada", "VERIFICAR SMP EM ANDAMENTO", IF(VALUE(SUBSTITUTE(K149,".",""))<100000, "DESCONSIDERA, VALOR NÃO RASTREADO", IF(AND(I149="EM VIAGEM",ISNUMBER(FIND("CAJAMAR/SP",S149))), IF(E149="Patio", "NA PENSKE - COM SMP - AGUARDANDO CARREGAMENTO", "NA PENSKE - COM SMP - AGUARDANDO SAÍDA"), IF(AND(I149="Pré-SMP",ISNUMBER(FIND("CAJAMAR/SP",S149))), IF(E149="Patio", "NA PENSKE - PRÉ-SMP - AGUARDANDO CARREGAMENTO", "NA PENSKE - PRÉ-SMP - AGUARDANDO SAÍDA"), IF(AND(I149="EM VIAGEM",ISNUMBER(FIND("ITAPOA/SC",S149))), "NA CLIF - COM SMP - AGUARDANDO SAÍDA", IF(AND(I149="Pré-SMP",ISNUMBER(FIND("ITAPOA/SC",S149))), "NA CLIF - PRÉ-SMP - AGUARDANDO SAÍDA", IF(I149="EM VIAGEM", "EM VIAGEM", IF(OR(L149="",N149=""), IF(I149="EM VIAGEM","SEM PREVISAO - COM SMP", IF(I149="Pré-SMP","SEM PREVISAO - PRÉ-SMP", "SEM PREVISAO - SEM SMP")), IF(M149>L149, IF(NOW()>N149, IF(E149="Finalizado", IF(I149="EM VIAGEM","CARREGADO - COM SMP", IF(I149="Pré-SMP","CARREGADO - PRÉ-SMP", "CARREGADO - SEM SMP")), IF(I149="EM VIAGEM","ATRASADO CARREGAMENTO - COM SMP - VERIFICAR AGENDAMENTO", IF(I149="Pré-SMP","ATRASADO CARREGAMENTO - PRÉ-SMP - VERIFICAR AGENDAMENTO", "ATRASADO CARREGAMENTO - SEM SMP - VERIFICAR AGENDAMENTO"))), IF(NOW()>L149, IF(I149="EM VIAGEM","ATRASADO ENTREGA - COM SMP - VERIFICAR AGENDAMENTO", IF(I149="Pré-SMP","ATRASADO ENTREGA - PRÉ-SMP - VERIFICAR AGENDAMENTO", "ATRASADO ENTREGA - SEM SMP - VERIFICAR AGENDAMENTO")), "OK NO PRAZO - VERIFICAR AGENDAMENTO")), IF(NOW()>L149, IF(I149="EM VIAGEM","ATRASADO ENTREGA - COM SMP", IF(I149="Pré-SMP","ATRASADO ENTREGA - PRÉ-SMP", "ATRASADO ENTREGA - SEM SMP")), IF(NOW()>N149, IF(E149="Finalizado", IF(I149="EM VIAGEM","CARREGADO - COM SMP", IF(I149="Pré-SMP","CARREGADO - PRÉ-SMP", "CARREGADO - SEM SMP")), IF(I149="EM VIAGEM","ATRASADO CARREGAMENTO - COM SMP", IF(I149="Pré-SMP","ATRASADO CARREGAMENTO - PRÉ-SMP", "ATRASADO CARREGAMENTO - SEM SMP"))), IF(L149-NOW()<=1, "ATENCAO - PROXIMO", "OK - NO PRAZO" ))))))))))))),"") -> ATRASADO CARREGAMENTO - SEM SMP | E149: =IFERROR( IF( _xlfn.XLOOKUP( B149, 'LOCALIZAÇÃO DE CARGA'!$A$2:$A$702, 'LOCALIZAÇÃO DE CARGA'!$D$2:$D$702 )="", "", _xlfn.XLOOKUP( B149, 'LOCALIZAÇÃO DE CARGA'!$A$2:$A$702, 'LOCALIZAÇÃO DE CARGA'!$D$2:$D$702 ) ), "" ) -> Atrasado | F149: =IFERROR( IF( _xlfn.XLOOKUP( B149, 'LOCALIZAÇÃO DE CARGA'!$A$2:$A$702, 'LOCALIZAÇÃO DE CARGA'!$H$2:$H$702 )="", "", _xlfn.XLOOKUP( B149, 'LOCALIZAÇÃO DE CARGA'!$A$2:$A$702, 'LOCALIZAÇÃO DE CARGA'!$H$2:$H$702 ) ), "" ) -> FITA AZUL PE (FATELOG) | G149: =IFERROR( IF( _xlfn.XLOOKUP( B149, 'LOCALIZAÇÃO DE CARGA'!$A$2:$A$702, 'LOCALIZAÇÃO DE CARGA'!$I$2:$I$702 )="", "", _xlfn.XLOOKUP( B149, 'LOCALIZAÇÃO DE CARGA'!$A$2:$A$702, 'LOCALIZAÇÃO DE CARGA'!$I$2:$I$702 ) ), "" ) -> LGCAJ | H149: =IFERROR( IF( _xlfn.XLOOKUP( B149, 'LOCALIZAÇÃO DE CARGA'!$A$2:$A$702, 'LOCALIZAÇÃO DE CARGA'!$F$2:$F$702 )="", "", _xlfn.XLOOKUP( B149, 'LOCALIZAÇÃO DE CARGA'!$A$2:$A$702, 'LOCALIZAÇÃO DE CARGA'!$F$2:$F$702 ) ), "" ) -> Não iniciado | I149: {=IFERROR( IF( INDEX( 'VISÃO LOGISTICA'!$C$2:$C$525, MATCH( TRUE, ISNUMBER(FIND(B149,'VISÃO LOGISTICA'!$A$2:$A$525)), 0 ) )="Em espera", "", INDEX( 'VISÃO LOGISTICA'!$C$2:$C$525, MATCH( TRUE, ISNUMBER(FIND(B149,'VISÃO LOGISTICA'!$A$2:$A$525)), 0 ) ) ), "" )} | J149: {=IFERROR( IF( OR( INDEX( 'VISÃO LOGISTICA'!$C$2:$C$2000, MATCH( TRUE, ISNUMBER(FIND(B149,'VISÃO LOGISTICA'!$A$2:$A$2000)), 0 ) )="Em espera", INDEX( 'VISÃO LOGISTICA'!$C$2:$C$2000, MATCH( TRUE, ISNUMBER(FIND(B149,'VISÃO LOGISTICA'!$A$2:$A$2000)), 0 ) )="" ), "", INDEX( 'VISÃO LOGISTICA'!$D$2:$D$2000, MATCH( TRUE, ISNUMBER(FIND(B149,'VISÃO LOGISTICA'!$A$2:$A$2000)), 0 ) ) ), "" )} | K149: =IFERROR( IF( _xlfn.XLOOKUP( B149, 'LOCALIZAÇÃO DE CARGA'!$A$2:$A$702, 'LOCALIZAÇÃO DE CARGA'!$E$2:$E$702)="", "", _xlfn.XLOOKUP( B149, 'LOCALIZAÇÃO DE CARGA'!$A$2:$A$702, 'LOCALIZAÇÃO DE CARGA'!$E$2:$E$702) ), "" ) -> 1707.24 | L149: {=IFERROR( _xlfn.LET( _xlpm.res,_xlfn.XLOOKUP(B149,'LOCALIZAÇÃO DE CARGA'!$A$2:$A$2000,'LOCALIZAÇÃO DE CARGA'!$G$2:$G$2000), IF(_xlpm.res="","",_xlpm.res) ), "" )} -> 46163.662 | M149: {=IFERROR( _xlfn.LET( _xlpm.load,_xlfn.XLOOKUP(B149,'LOCALIZAÇÃO DE CARGA'!$A$2:$A$2000,'LOCALIZAÇÃO DE CARGA'!$A$2:$A$2000), _xlpm.res,_xlfn.XLOOKUP(_xlpm.load,DOCUMENTOS!$A$2:$A$2000,DOCUMENTOS!$D$2:$D$2000), IF(_xlpm.res="","",_xlpm.res) ), "" )} -> 46157.375 | N149: =IFERROR(IF(M149="","",M149-TIME(1,0,0)),"") -> 46157.333 | O149: {=IFERROR( _xlfn.LET( _xlpm.res,_xlfn.XLOOKUP(B149,'LOCALIZAÇÃO DE CARGA'!$A$2:$A$2000,'LOCALIZAÇÃO DE CARGA'!$S$2:$S$2000), IF(_xlpm.res="","",_xlpm.res) ), "" )} -> 46167.417 | P149: {=IFERROR( _xlfn.LET( _xlpm.res,_xlfn.XLOOKUP(B149,'LOCALIZAÇÃO DE CARGA'!$A$2:$A$702,'LOCALIZAÇÃO DE CARGA'!$T$2:$T$702), IF(_xlpm.res="","",_xlpm.res) ), "" )} | Q149: =IFERROR( IF( _xlfn.XLOOKUP( B149, 'LOCALIZAÇÃO DE CARGA'!$A$2:$A$702, 'LOCALIZAÇÃO DE CARGA'!$K$2:$K$702 )="", "", _xlfn.XLOOKUP( B149, 'LOCALIZAÇÃO DE CARGA'!$A$2:$A$702, 'LOCALIZAÇÃO DE CARGA'!$K$2:$K$702 ) ), "" ) -> BASE FATELOG - CAJAMAR | R149: =IF(Q149="","",TRIM(IFERROR(LEFT(LEFT(Q149,FIND(" - ",Q149)-1),FIND("(",LEFT(Q149,FIND(" - ",Q149)-1))-1),LEFT(Q149,FIND(" - ",Q149)-1)))) -> BASE FATELOG | S149: {=IF(B149="","",IFERROR( INDEX( 'VISÃO LOGISTICA'!$L$2:$L$525, MATCH( TRUE, ISNUMBER(FIND(B149,'VISÃO LOGISTICA'!$A$2:$A$525)), 0 ) ), "" ))} | T149: {=IFERROR( _xlfn.LET( _xlpm.res,_xlfn.XLOOKUP(B149,'LOCALIZAÇÃO DE CARGA'!$A$2:$A$702,'LOCALIZAÇÃO DE CARGA'!$R$2:$R$702), IF(_xlpm.res="","",SUBSTITUTE(_xlpm.res,"/BRASIL","")) ), "" )} -> CAJAMAR/SP
A150: =IF(M150="","",INT(M150)) | C150: =IFERROR( IF(B150="","", IF(I150="Encerrada", "VERIFICAR SMP EM ANDAMENTO", IF(VALUE(SUBSTITUTE(K150,".",""))<100000, "DESCONSIDERA, VALOR NÃO RASTREADO", IF(AND(I150="EM VIAGEM",ISNUMBER(FIND("CAJAMAR/SP",S150))), IF(E150="Patio", "NA PENSKE - COM SMP - AGUARDANDO CARREGAMENTO", "NA PENSKE - COM SMP - AGUARDANDO SAÍDA"), IF(AND(I150="Pré-SMP",ISNUMBER(FIND("CAJAMAR/SP",S150))), IF(E150="Patio", "NA PENSKE - PRÉ-SMP - AGUARDANDO CARREGAMENTO", "NA PENSKE - PRÉ-SMP - AGUARDANDO SAÍDA"), IF(AND(I150="EM VIAGEM",ISNUMBER(FIND("ITAPOA/SC",S150))), "NA CLIF - COM SMP - AGUARDANDO SAÍDA", IF(AND(I150="Pré-SMP",ISNUMBER(FIND("ITAPOA/SC",S150))), "NA CLIF - PRÉ-SMP - AGUARDANDO SAÍDA", IF(I150="EM VIAGEM", "EM VIAGEM", IF(OR(L150="",N150=""), IF(I150="EM VIAGEM","SEM PREVISAO - COM SMP", IF(I150="Pré-SMP","SEM PREVISAO - PRÉ-SMP", "SEM PREVISAO - SEM SMP")), IF(M150>L150, IF(NOW()>N150, IF(E150="Finalizado", IF(I150="EM VIAGEM","CARREGADO - COM SMP", IF(I150="Pré-SMP","CARREGADO - PRÉ-SMP", "CARREGADO - SEM SMP")), IF(I150="EM VIAGEM","ATRASADO CARREGAMENTO - COM SMP - VERIFICAR AGENDAMENTO", IF(I150="Pré-SMP","ATRASADO CARREGAMENTO - PRÉ-SMP - VERIFICAR AGENDAMENTO", "ATRASADO CARREGAMENTO - SEM SMP - VERIFICAR AGENDAMENTO"))), IF(NOW()>L150, IF(I150="EM VIAGEM","ATRASADO ENTREGA - COM SMP - VERIFICAR AGENDAMENTO", IF(I150="Pré-SMP","ATRASADO ENTREGA - PRÉ-SMP - VERIFICAR AGENDAMENTO", "ATRASADO ENTREGA - SEM SMP - VERIFICAR AGENDAMENTO")), "OK NO PRAZO - VERIFICAR AGENDAMENTO")), IF(NOW()>L150, IF(I150="EM VIAGEM","ATRASADO ENTREGA - COM SMP", IF(I150="Pré-SMP","ATRASADO ENTREGA - PRÉ-SMP", "ATRASADO ENTREGA - SEM SMP")), IF(NOW()>N150, IF(E150="Finalizado", IF(I150="EM VIAGEM","CARREGADO - COM SMP", IF(I150="Pré-SMP","CARREGADO - PRÉ-SMP", "CARREGADO - SEM SMP")), IF(I150="EM VIAGEM","ATRASADO CARREGAMENTO - COM SMP", IF(I150="Pré-SMP","ATRASADO CARREGAMENTO - PRÉ-SMP", "ATRASADO CARREGAMENTO - SEM SMP"))), IF(L150-NOW()<=1, "ATENCAO - PROXIMO", "OK - NO PRAZO" ))))))))))))),"") | E150: =IFERROR( IF( _xlfn.XLOOKUP( B150, 'LOCALIZAÇÃO DE CARGA'!$A$2:$A$702, 'LOCALIZAÇÃO DE CARGA'!$D$2:$D$702 )="", "", _xlfn.XLOOKUP( B150, 'LOCALIZAÇÃO DE CARGA'!$A$2:$A$702, 'LOCALIZAÇÃO DE CARGA'!$D$2:$D$702 ) ), "" ) | F150: =IFERROR( IF( _xlfn.XLOOKUP( B150, 'LOCALIZAÇÃO DE CARGA'!$A$2:$A$702, 'LOCALIZAÇÃO DE CARGA'!$H$2:$H$702 )="", "", _xlfn.XLOOKUP( B150, 'LOCALIZAÇÃO DE CARGA'!$A$2:$A$702, 'LOCALIZAÇÃO DE CARGA'!$H$2:$H$702 ) ), "" ) | G150: =IFERROR( IF( _xlfn.XLOOKUP( B150, 'LOCALIZAÇÃO DE CARGA'!$A$2:$A$702, 'LOCALIZAÇÃO DE CARGA'!$I$2:$I$702 )="", "", _xlfn.XLOOKUP( B150, 'LOCALIZAÇÃO DE CARGA'!$A$2:$A$702, 'LOCALIZAÇÃO DE CARGA'!$I$2:$I$702 ) ), "" ) | H150: =IFERROR( IF( _xlfn.XLOOKUP( B150, 'LOCALIZAÇÃO DE CARGA'!$A$2:$A$702, 'LOCALIZAÇÃO DE CARGA'!$F$2:$F$702 )="", "", _xlfn.XLOOKUP( B150, 'LOCALIZAÇÃO DE CARGA'!$A$2:$A$702, 'LOCALIZAÇÃO DE CARGA'!$F$2:$F$702 ) ), "" ) | I150: {=IFERROR( IF( INDEX( 'VISÃO LOGISTICA'!$C$2:$C$525, MATCH( TRUE, ISNUMBER(FIND(B150,'VISÃO LOGISTICA'!$A$2:$A$525)), 0 ) )="Em espera", "", INDEX( 'VISÃO LOGISTICA'!$C$2:$C$525, MATCH( TRUE, ISNUMBER(FIND(B150,'VISÃO LOGISTICA'!$A$2:$A$525)), 0 ) ) ), "" )} -> Em Viagem | J150: {=IFERROR( IF( OR( INDEX( 'VISÃO LOGISTICA'!$C$2:$C$2000, MATCH( TRUE, ISNUMBER(FIND(B150,'VISÃO LOGISTICA'!$A$2:$A$2000)), 0 ) )="Em espera", INDEX( 'VISÃO LOGISTICA'!$C$2:$C$2000, MATCH( TRUE, ISNUMBER(FIND(B150,'VISÃO LOGISTICA'!$A$2:$A$2000)), 0 ) )="" ), "", INDEX( 'VISÃO LOGISTICA'!$D$2:$D$2000, MATCH( TRUE, ISNUMBER(FIND(B150,'VISÃO LOGISTICA'!$A$2:$A$2000)), 0 ) ) ), "" )} -> BCU5G84 | K150: =IFERROR( IF( _xlfn.XLOOKUP( B150, 'LOCALIZAÇÃO DE CARGA'!$A$2:$A$702, 'LOCALIZAÇÃO DE CARGA'!$E$2:$E$702)="", "", _xlfn.XLOOKUP( B150, 'LOCALIZAÇÃO DE CARGA'!$A$2:$A$702, 'LOCALIZAÇÃO DE CARGA'!$E$2:$E$702) ), "" ) | L150: {=IFERROR( _xlfn.LET( _xlpm.res,_xlfn.XLOOKUP(B150,'LOCALIZAÇÃO DE CARGA'!$A$2:$A$2000,'LOCALIZAÇÃO DE CARGA'!$G$2:$G$2000), IF(_xlpm.res="","",_xlpm.res) ), "" )} | M150: {=IFERROR( _xlfn.LET( _xlpm.load,_xlfn.XLOOKUP(B150,'LOCALIZAÇÃO DE CARGA'!$A$2:$A$2000,'LOCALIZAÇÃO DE CARGA'!$A$2:$A$2000), _xlpm.res,_xlfn.XLOOKUP(_xlpm.load,DOCUMENTOS!$A$2:$A$2000,DOCUMENTOS!$D$2:$D$2000), IF(_xlpm.res="","",_xlpm.res) ), "" )} | N150: =IFERROR(IF(M150="","",M150-TIME(1,0,0)),"") | O150: {=IFERROR( _xlfn.LET( _xlpm.res,_xlfn.XLOOKUP(B150,'LOCALIZAÇÃO DE CARGA'!$A$2:$A$2000,'LOCALIZAÇÃO DE CARGA'!$S$2:$S$2000), IF(_xlpm.res="","",_xlpm.res) ), "" )} | P150: {=IFERROR( _xlfn.LET( _xlpm.res,_xlfn.XLOOKUP(B150,'LOCALIZAÇÃO DE CARGA'!$A$2:$A$702,'LOCALIZAÇÃO DE CARGA'!$T$2:$T$702), IF(_xlpm.res="","",_xlpm.res) ), "" )} | Q150: =IFERROR( IF( _xlfn.XLOOKUP( B150, 'LOCALIZAÇÃO DE CARGA'!$A$2:$A$702, 'LOCALIZAÇÃO DE CARGA'!$K$2:$K$702 )="", "", _xlfn.XLOOKUP( B150, 'LOCALIZAÇÃO DE CARGA'!$A$2:$A$702, 'LOCALIZAÇÃO DE CARGA'!$K$2:$K$702 ) ), "" ) | R150: =IF(Q150="","",TRIM(IFERROR(LEFT(LEFT(Q150,FIND(" - ",Q150)-1),FIND("(",LEFT(Q150,FIND(" - ",Q150)-1))-1),LEFT(Q150,FIND(" - ",Q150)-1)))) | S150: {=IF(B150="","",IFERROR( INDEX( 'VISÃO LOGISTICA'!$L$2:$L$525, MATCH( TRUE, ISNUMBER(FIND(B150,'VISÃO LOGISTICA'!$A$2:$A$525)), 0 ) ), "" ))} | T150: {=IFERROR( _xlfn.LET( _xlpm.res,_xlfn.XLOOKUP(B150,'LOCALIZAÇÃO DE CARGA'!$A$2:$A$702,'LOCALIZAÇÃO DE CARGA'!$R$2:$R$702), IF(_xlpm.res="","",SUBSTITUTE(_xlpm.res,"/BRASIL","")) ), "" )}
A151: =IF(M151="","",INT(M151)) | C151: =IFERROR( IF(B151="","", IF(I151="Encerrada", "VERIFICAR SMP EM ANDAMENTO", IF(VALUE(SUBSTITUTE(K151,".",""))<100000, "DESCONSIDERA, VALOR NÃO RASTREADO", IF(AND(I151="EM VIAGEM",ISNUMBER(FIND("CAJAMAR/SP",S151))), IF(E151="Patio", "NA PENSKE - COM SMP - AGUARDANDO CARREGAMENTO", "NA PENSKE - COM SMP - AGUARDANDO SAÍDA"), IF(AND(I151="Pré-SMP",ISNUMBER(FIND("CAJAMAR/SP",S151))), IF(E151="Patio", "NA PENSKE - PRÉ-SMP - AGUARDANDO CARREGAMENTO", "NA PENSKE - PRÉ-SMP - AGUARDANDO SAÍDA"), IF(AND(I151="EM VIAGEM",ISNUMBER(FIND("ITAPOA/SC",S151))), "NA CLIF - COM SMP - AGUARDANDO SAÍDA", IF(AND(I151="Pré-SMP",ISNUMBER(FIND("ITAPOA/SC",S151))), "NA CLIF - PRÉ-SMP - AGUARDANDO SAÍDA", IF(I151="EM VIAGEM", "EM VIAGEM", IF(OR(L151="",N151=""), IF(I151="EM VIAGEM","SEM PREVISAO - COM SMP", IF(I151="Pré-SMP","SEM PREVISAO - PRÉ-SMP", "SEM PREVISAO - SEM SMP")), IF(M151>L151, IF(NOW()>N151, IF(E151="Finalizado", IF(I151="EM VIAGEM","CARREGADO - COM SMP", IF(I151="Pré-SMP","CARREGADO - PRÉ-SMP", "CARREGADO - SEM SMP")), IF(I151="EM VIAGEM","ATRASADO CARREGAMENTO - COM SMP - VERIFICAR AGENDAMENTO", IF(I151="Pré-SMP","ATRASADO CARREGAMENTO - PRÉ-SMP - VERIFICAR AGENDAMENTO", "ATRASADO CARREGAMENTO - SEM SMP - VERIFICAR AGENDAMENTO"))), IF(NOW()>L151, IF(I151="EM VIAGEM","ATRASADO ENTREGA - COM SMP - VERIFICAR AGENDAMENTO", IF(I151="Pré-SMP","ATRASADO ENTREGA - PRÉ-SMP - VERIFICAR AGENDAMENTO", "ATRASADO ENTREGA - SEM SMP - VERIFICAR AGENDAMENTO")), "OK NO PRAZO - VERIFICAR AGENDAMENTO")), IF(NOW()>L151, IF(I151="EM VIAGEM","ATRASADO ENTREGA - COM SMP", IF(I151="Pré-SMP","ATRASADO ENTREGA - PRÉ-SMP", "ATRASADO ENTREGA - SEM SMP")), IF(NOW()>N151, IF(E151="Finalizado", IF(I151="EM VIAGEM","CARREGADO - COM SMP", IF(I151="Pré-SMP","CARREGADO - PRÉ-SMP", "CARREGADO - SEM SMP")), IF(I151="EM VIAGEM","ATRASADO CARREGAMENTO - COM SMP", IF(I151="Pré-SMP","ATRASADO CARREGAMENTO - PRÉ-SMP", "ATRASADO CARREGAMENTO - SEM SMP"))), IF(L151-NOW()<=1, "ATENCAO - PROXIMO", "OK - NO PRAZO" ))))))))))))),"") | E151: =IFERROR( IF( _xlfn.XLOOKUP( B151, 'LOCALIZAÇÃO DE CARGA'!$A$2:$A$702, 'LOCALIZAÇÃO DE CARGA'!$D$2:$D$702 )="", "", _xlfn.XLOOKUP( B151, 'LOCALIZAÇÃO DE CARGA'!$A$2:$A$702, 'LOCALIZAÇÃO DE CARGA'!$D$2:$D$702 ) ), "" ) | F151: =IFERROR( IF( _xlfn.XLOOKUP( B151, 'LOCALIZAÇÃO DE CARGA'!$A$2:$A$702, 'LOCALIZAÇÃO DE CARGA'!$H$2:$H$702 )="", "", _xlfn.XLOOKUP( B151, 'LOCALIZAÇÃO DE CARGA'!$A$2:$A$702, 'LOCALIZAÇÃO DE CARGA'!$H$2:$H$702 ) ), "" ) | G151: =IFERROR( IF( _xlfn.XLOOKUP( B151, 'LOCALIZAÇÃO DE CARGA'!$A$2:$A$702, 'LOCALIZAÇÃO DE CARGA'!$I$2:$I$702 )="", "", _xlfn.XLOOKUP( B151, 'LOCALIZAÇÃO DE CARGA'!$A$2:$A$702, 'LOCALIZAÇÃO DE CARGA'!$I$2:$I$702 ) ), "" ) | H151: =IFERROR( IF( _xlfn.XLOOKUP( B151, 'LOCALIZAÇÃO DE CARGA'!$A$2:$A$702, 'LOCALIZAÇÃO DE CARGA'!$F$2:$F$702 )="", "", _xlfn.XLOOKUP( B151, 'LOCALIZAÇÃO DE CARGA'!$A$2:$A$702, 'LOCALIZAÇÃO DE CARGA'!$F$2:$F$702 ) ), "" ) | I151: {=IFERROR( IF( INDEX( 'VISÃO LOGISTICA'!$C$2:$C$525, MATCH( TRUE, ISNUMBER(FIND(B151,'VISÃO LOGISTICA'!$A$2:$A$525)), 0 ) )="Em espera", "", INDEX( 'VISÃO LOGISTICA'!$C$2:$C$525, MATCH( TRUE, ISNUMBER(FIND(B151,'VISÃO LOGISTICA'!$A$2:$A$525)), 0 ) ) ), "" )} -> Em Viagem | J151: {=IFERROR( IF( OR( INDEX( 'VISÃO LOGISTICA'!$C$2:$C$2000, MATCH( TRUE, ISNUMBER(FIND(B151,'VISÃO LOGISTICA'!$A$2:$A$2000)), 0 ) )="Em espera", INDEX( 'VISÃO LOGISTICA'!$C$2:$C$2000, MATCH( TRUE, ISNUMBER(FIND(B151,'VISÃO LOGISTICA'!$A$2:$A$2000)), 0 ) )="" ), "", INDEX( 'VISÃO LOGISTICA'!$D$2:$D$2000, MATCH( TRUE, ISNUMBER(FIND(B151,'VISÃO LOGISTICA'!$A$2:$A$2000)), 0 ) ) ), "" )} -> BCU5G84 | K151: =IFERROR( IF( _xlfn.XLOOKUP( B151, 'LOCALIZAÇÃO DE CARGA'!$A$2:$A$702, 'LOCALIZAÇÃO DE CARGA'!$E$2:$E$702)="", "", _xlfn.XLOOKUP( B151, 'LOCALIZAÇÃO DE CARGA'!$A$2:$A$702, 'LOCALIZAÇÃO DE CARGA'!$E$2:$E$702) ), "" ) | L151: {=IFERROR( _xlfn.LET( _xlpm.res,_xlfn.XLOOKUP(B151,'LOCALIZAÇÃO DE CARGA'!$A$2:$A$2000,'LOCALIZAÇÃO DE CARGA'!$G$2:$G$2000), IF(_xlpm.res="","",_xlpm.res) ), "" )} | M151: {=IFERROR( _xlfn.LET( _xlpm.load,_xlfn.XLOOKUP(B151,'LOCALIZAÇÃO DE CARGA'!$A$2:$A$2000,'LOCALIZAÇÃO DE CARGA'!$A$2:$A$2000), _xlpm.res,_xlfn.XLOOKUP(_xlpm.load,DOCUMENTOS!$A$2:$A$2000,DOCUMENTOS!$D$2:$D$2000), IF(_xlpm.res="","",_xlpm.res) ), "" )} | N151: =IFERROR(IF(M151="","",M151-TIME(1,0,0)),"") | O151: {=IFERROR( _xlfn.LET( _xlpm.res,_xlfn.XLOOKUP(B151,'LOCALIZAÇÃO DE CARGA'!$A$2:$A$2000,'LOCALIZAÇÃO DE CARGA'!$S$2:$S$2000), IF(_xlpm.res="","",_xlpm.res) ), "" )} | P151: {=IFERROR( _xlfn.LET( _xlpm.res,_xlfn.XLOOKUP(B151,'LOCALIZAÇÃO DE CARGA'!$A$2:$A$702,'LOCALIZAÇÃO DE CARGA'!$T$2:$T$702), IF(_xlpm.res="","",_xlpm.res) ), "" )} | Q151: =IFERROR( IF( _xlfn.XLOOKUP( B151, 'LOCALIZAÇÃO DE CARGA'!$A$2:$A$702, 'LOCALIZAÇÃO DE CARGA'!$K$2:$K$702 )="", "", _xlfn.XLOOKUP( B151, 'LOCALIZAÇÃO DE CARGA'!$A$2:$A$702, 'LOCALIZAÇÃO DE CARGA'!$K$2:$K$702 ) ), "" ) | R151: =IF(Q151="","",TRIM(IFERROR(LEFT(LEFT(Q151,FIND(" - ",Q151)-1),FIND("(",LEFT(Q151,FIND(" - ",Q151)-1))-1),LEFT(Q151,FIND(" - ",Q151)-1)))) | S151: {=IF(B151="","",IFERROR( INDEX( 'VISÃO LOGISTICA'!$L$2:$L$525, MATCH( TRUE, ISNUMBER(FIND(B151,'VISÃO LOGISTICA'!$A$2:$A$525)), 0 ) ), "" ))} | T151: {=IFERROR( _xlfn.LET( _xlpm.res,_xlfn.XLOOKUP(B151,'LOCALIZAÇÃO DE CARGA'!$A$2:$A$702,'LOCALIZAÇÃO DE CARGA'!$R$2:$R$702), IF(_xlpm.res="","",SUBSTITUTE(_xlpm.res,"/BRASIL","")) ), "" )}
A152: =IF(M152="","",INT(M152)) | C152: =IFERROR( IF(B152="","", IF(I152="Encerrada", "VERIFICAR SMP EM ANDAMENTO", IF(VALUE(SUBSTITUTE(K152,".",""))<100000, "DESCONSIDERA, VALOR NÃO RASTREADO", IF(AND(I152="EM VIAGEM",ISNUMBER(FIND("CAJAMAR/SP",S152))), IF(E152="Patio", "NA PENSKE - COM SMP - AGUARDANDO CARREGAMENTO", "NA PENSKE - COM SMP - AGUARDANDO SAÍDA"), IF(AND(I152="Pré-SMP",ISNUMBER(FIND("CAJAMAR/SP",S152))), IF(E152="Patio", "NA PENSKE - PRÉ-SMP - AGUARDANDO CARREGAMENTO", "NA PENSKE - PRÉ-SMP - AGUARDANDO SAÍDA"), IF(AND(I152="EM VIAGEM",ISNUMBER(FIND("ITAPOA/SC",S152))), "NA CLIF - COM SMP - AGUARDANDO SAÍDA", IF(AND(I152="Pré-SMP",ISNUMBER(FIND("ITAPOA/SC",S152))), "NA CLIF - PRÉ-SMP - AGUARDANDO SAÍDA", IF(I152="EM VIAGEM", "EM VIAGEM", IF(OR(L152="",N152=""), IF(I152="EM VIAGEM","SEM PREVISAO - COM SMP", IF(I152="Pré-SMP","SEM PREVISAO - PRÉ-SMP", "SEM PREVISAO - SEM SMP")), IF(M152>L152, IF(NOW()>N152, IF(E152="Finalizado", IF(I152="EM VIAGEM","CARREGADO - COM SMP", IF(I152="Pré-SMP","CARREGADO - PRÉ-SMP", "CARREGADO - SEM SMP")), IF(I152="EM VIAGEM","ATRASADO CARREGAMENTO - COM SMP - VERIFICAR AGENDAMENTO", IF(I152="Pré-SMP","ATRASADO CARREGAMENTO - PRÉ-SMP - VERIFICAR AGENDAMENTO", "ATRASADO CARREGAMENTO - SEM SMP - VERIFICAR AGENDAMENTO"))), IF(NOW()>L152, IF(I152="EM VIAGEM","ATRASADO ENTREGA - COM SMP - VERIFICAR AGENDAMENTO", IF(I152="Pré-SMP","ATRASADO ENTREGA - PRÉ-SMP - VERIFICAR AGENDAMENTO", "ATRASADO ENTREGA - SEM SMP - VERIFICAR AGENDAMENTO")), "OK NO PRAZO - VERIFICAR AGENDAMENTO")), IF(NOW()>L152, IF(I152="EM VIAGEM","ATRASADO ENTREGA - COM SMP", IF(I152="Pré-SMP","ATRASADO ENTREGA - PRÉ-SMP", "ATRASADO ENTREGA - SEM SMP")), IF(NOW()>N152, IF(E152="Finalizado", IF(I152="EM VIAGEM","CARREGADO - COM SMP", IF(I152="Pré-SMP","CARREGADO - PRÉ-SMP", "CARREGADO - SEM SMP")), IF(I152="EM VIAGEM","ATRASADO CARREGAMENTO - COM SMP", IF(I152="Pré-SMP","ATRASADO CARREGAMENTO - PRÉ-SMP", "ATRASADO CARREGAMENTO - SEM SMP"))), IF(L152-NOW()<=1, "ATENCAO - PROXIMO", "OK - NO PRAZO" ))))))))))))),"") | E152: =IFERROR( IF( _xlfn.XLOOKUP( B152, 'LOCALIZAÇÃO DE CARGA'!$A$2:$A$702, 'LOCALIZAÇÃO DE CARGA'!$D$2:$D$702 )="", "", _xlfn.XLOOKUP( B152, 'LOCALIZAÇÃO DE CARGA'!$A$2:$A$702, 'LOCALIZAÇÃO DE CARGA'!$D$2:$D$702 ) ), "" ) | F152: =IFERROR( IF( _xlfn.XLOOKUP( B152, 'LOCALIZAÇÃO DE CARGA'!$A$2:$A$702, 'LOCALIZAÇÃO DE CARGA'!$H$2:$H$702 )="", "", _xlfn.XLOOKUP( B152, 'LOCALIZAÇÃO DE CARGA'!$A$2:$A$702, 'LOCALIZAÇÃO DE CARGA'!$H$2:$H$702 ) ), "" ) | G152: =IFERROR( IF( _xlfn.XLOOKUP( B152, 'LOCALIZAÇÃO DE CARGA'!$A$2:$A$702, 'LOCALIZAÇÃO DE CARGA'!$I$2:$I$702 )="", "", _xlfn.XLOOKUP( B152, 'LOCALIZAÇÃO DE CARGA'!$A$2:$A$702, 'LOCALIZAÇÃO DE CARGA'!$I$2:$I$702 ) ), "" ) | H152: =IFERROR( IF( _xlfn.XLOOKUP( B152, 'LOCALIZAÇÃO DE CARGA'!$A$2:$A$702, 'LOCALIZAÇÃO DE CARGA'!$F$2:$F$702 )="", "", _xlfn.XLOOKUP( B152, 'LOCALIZAÇÃO DE CARGA'!$A$2:$A$702, 'LOCALIZAÇÃO DE CARGA'!$F$2:$F$702 ) ), "" ) | I152: {=IFERROR( IF( INDEX( 'VISÃO LOGISTICA'!$C$2:$C$525, MATCH( TRUE, ISNUMBER(FIND(B152,'VISÃO LOGISTICA'!$A$2:$A$525)), 0 ) )="Em espera", "", INDEX( 'VISÃO LOGISTICA'!$C$2:$C$525, MATCH( TRUE, ISNUMBER(FIND(B152,'VISÃO LOGISTICA'!$A$2:$A$525)), 0 ) ) ), "" )} -> Em Viagem | J152: {=IFERROR( IF( OR( INDEX( 'VISÃO LOGISTICA'!$C$2:$C$2000, MATCH( TRUE, ISNUMBER(FIND(B152,'VISÃO LOGISTICA'!$A$2:$A$2000)), 0 ) )="Em espera", INDEX( 'VISÃO LOGISTICA'!$C$2:$C$2000, MATCH( TRUE, ISNUMBER(FIND(B152,'VISÃO LOGISTICA'!$A$2:$A$2000)), 0 ) )="" ), "", INDEX( 'VISÃO LOGISTICA'!$D$2:$D$2000, MATCH( TRUE, ISNUMBER(FIND(B152,'VISÃO LOGISTICA'!$A$2:$A$2000)), 0 ) ) ), "" )} -> BCU5G84 | K152: =IFERROR( IF( _xlfn.XLOOKUP( B152, 'LOCALIZAÇÃO DE CARGA'!$A$2:$A$702, 'LOCALIZAÇÃO DE CARGA'!$E$2:$E$702)="", "", _xlfn.XLOOKUP( B152, 'LOCALIZAÇÃO DE CARGA'!$A$2:$A$702, 'LOCALIZAÇÃO DE CARGA'!$E$2:$E$702) ), "" ) | L152: {=IFERROR( _xlfn.LET( _xlpm.res,_xlfn.XLOOKUP(B152,'LOCALIZAÇÃO DE CARGA'!$A$2:$A$2000,'LOCALIZAÇÃO DE CARGA'!$G$2:$G$2000), IF(_xlpm.res="","",_xlpm.res) ), "" )} | M152: {=IFERROR( _xlfn.LET( _xlpm.load,_xlfn.XLOOKUP(B152,'LOCALIZAÇÃO DE CARGA'!$A$2:$A$2000,'LOCALIZAÇÃO DE CARGA'!$A$2:$A$2000), _xlpm.res,_xlfn.XLOOKUP(_xlpm.load,DOCUMENTOS!$A$2:$A$2000,DOCUMENTOS!$D$2:$D$2000), IF(_xlpm.res="","",_xlpm.res) ), "" )} | N152: =IFERROR(IF(M152="","",M152-TIME(1,0,0)),"") | O152: {=IFERROR( _xlfn.LET( _xlpm.res,_xlfn.XLOOKUP(B152,'LOCALIZAÇÃO DE CARGA'!$A$2:$A$2000,'LOCALIZAÇÃO DE CARGA'!$S$2:$S$2000), IF(_xlpm.res="","",_xlpm.res) ), "" )} | P152: {=IFERROR( _xlfn.LET( _xlpm.res,_xlfn.XLOOKUP(B152,'LOCALIZAÇÃO DE CARGA'!$A$2:$A$702,'LOCALIZAÇÃO DE CARGA'!$T$2:$T$702), IF(_xlpm.res="","",_xlpm.res) ), "" )} | Q152: =IFERROR( IF( _xlfn.XLOOKUP( B152, 'LOCALIZAÇÃO DE CARGA'!$A$2:$A$702, 'LOCALIZAÇÃO DE CARGA'!$K$2:$K$702 )="", "", _xlfn.XLOOKUP( B152, 'LOCALIZAÇÃO DE CARGA'!$A$2:$A$702, 'LOCALIZAÇÃO DE CARGA'!$K$2:$K$702 ) ), "" ) | R152: =IF(Q152="","",TRIM(IFERROR(LEFT(LEFT(Q152,FIND(" - ",Q152)-1),FIND("(",LEFT(Q152,FIND(" - ",Q152)-1))-1),LEFT(Q152,FIND(" - ",Q152)-1)))) | S152: {=IF(B152="","",IFERROR( INDEX( 'VISÃO LOGISTICA'!$L$2:$L$525, MATCH( TRUE, ISNUMBER(FIND(B152,'VISÃO LOGISTICA'!$A$2:$A$525)), 0 ) ), "" ))} | T152: {=IFERROR( _xlfn.LET( _xlpm.res,_xlfn.XLOOKUP(B152,'LOCALIZAÇÃO DE CARGA'!$A$2:$A$702,'LOCALIZAÇÃO DE CARGA'!$R$2:$R$702), IF(_xlpm.res="","",SUBSTITUTE(_xlpm.res,"/BRASIL","")) ), "" )}
A153: =IF(M153="","",INT(M153)) | C153: =IFERROR( IF(B153="","", IF(I153="Encerrada", "VERIFICAR SMP EM ANDAMENTO", IF(VALUE(SUBSTITUTE(K153,".",""))<100000, "DESCONSIDERA, VALOR NÃO RASTREADO", IF(AND(I153="EM VIAGEM",ISNUMBER(FIND("CAJAMAR/SP",S153))), IF(E153="Patio", "NA PENSKE - COM SMP - AGUARDANDO CARREGAMENTO", "NA PENSKE - COM SMP - AGUARDANDO SAÍDA"), IF(AND(I153="Pré-SMP",ISNUMBER(FIND("CAJAMAR/SP",S153))), IF(E153="Patio", "NA PENSKE - PRÉ-SMP - AGUARDANDO CARREGAMENTO", "NA PENSKE - PRÉ-SMP - AGUARDANDO SAÍDA"), IF(AND(I153="EM VIAGEM",ISNUMBER(FIND("ITAPOA/SC",S153))), "NA CLIF - COM SMP - AGUARDANDO SAÍDA", IF(AND(I153="Pré-SMP",ISNUMBER(FIND("ITAPOA/SC",S153))), "NA CLIF - PRÉ-SMP - AGUARDANDO SAÍDA", IF(I153="EM VIAGEM", "EM VIAGEM", IF(OR(L153="",N153=""), IF(I153="EM VIAGEM","SEM PREVISAO - COM SMP", IF(I153="Pré-SMP","SEM PREVISAO - PRÉ-SMP", "SEM PREVISAO - SEM SMP")), IF(M153>L153, IF(NOW()>N153, IF(E153="Finalizado", IF(I153="EM VIAGEM","CARREGADO - COM SMP", IF(I153="Pré-SMP","CARREGADO - PRÉ-SMP", "CARREGADO - SEM SMP")), IF(I153="EM VIAGEM","ATRASADO CARREGAMENTO - COM SMP - VERIFICAR AGENDAMENTO", IF(I153="Pré-SMP","ATRASADO CARREGAMENTO - PRÉ-SMP - VERIFICAR AGENDAMENTO", "ATRASADO CARREGAMENTO - SEM SMP - VERIFICAR AGENDAMENTO"))), IF(NOW()>L153, IF(I153="EM VIAGEM","ATRASADO ENTREGA - COM SMP - VERIFICAR AGENDAMENTO", IF(I153="Pré-SMP","ATRASADO ENTREGA - PRÉ-SMP - VERIFICAR AGENDAMENTO", "ATRASADO ENTREGA - SEM SMP - VERIFICAR AGENDAMENTO")), "OK NO PRAZO - VERIFICAR AGENDAMENTO")), IF(NOW()>L153, IF(I153="EM VIAGEM","ATRASADO ENTREGA - COM SMP", IF(I153="Pré-SMP","ATRASADO ENTREGA - PRÉ-SMP", "ATRASADO ENTREGA - SEM SMP")), IF(NOW()>N153, IF(E153="Finalizado", IF(I153="EM VIAGEM","CARREGADO - COM SMP", IF(I153="Pré-SMP","CARREGADO - PRÉ-SMP", "CARREGADO - SEM SMP")), IF(I153="EM VIAGEM","ATRASADO CARREGAMENTO - COM SMP", IF(I153="Pré-SMP","ATRASADO CARREGAMENTO - PRÉ-SMP", "ATRASADO CARREGAMENTO - SEM SMP"))), IF(L153-NOW()<=1, "ATENCAO - PROXIMO", "OK - NO PRAZO" ))))))))))))),"") | E153: =IFERROR( IF( _xlfn.XLOOKUP( B153, 'LOCALIZAÇÃO DE CARGA'!$A$2:$A$702, 'LOCALIZAÇÃO DE CARGA'!$D$2:$D$702 )="", "", _xlfn.XLOOKUP( B153, 'LOCALIZAÇÃO DE CARGA'!$A$2:$A$702, 'LOCALIZAÇÃO DE CARGA'!$D$2:$D$702 ) ), "" ) | F153: =IFERROR( IF( _xlfn.XLOOKUP( B153, 'LOCALIZAÇÃO DE CARGA'!$A$2:$A$702, 'LOCALIZAÇÃO DE CARGA'!$H$2:$H$702 )="", "", _xlfn.XLOOKUP( B153, 'LOCALIZAÇÃO DE CARGA'!$A$2:$A$702, 'LOCALIZAÇÃO DE CARGA'!$H$2:$H$702 ) ), "" ) | G153: =IFERROR( IF( _xlfn.XLOOKUP( B153, 'LOCALIZAÇÃO DE CARGA'!$A$2:$A$702, 'LOCALIZAÇÃO DE CARGA'!$I$2:$I$702 )="", "", _xlfn.XLOOKUP( B153, 'LOCALIZAÇÃO DE CARGA'!$A$2:$A$702, 'LOCALIZAÇÃO DE CARGA'!$I$2:$I$702 ) ), "" ) | H153: =IFERROR( IF( _xlfn.XLOOKUP( B153, 'LOCALIZAÇÃO DE CARGA'!$A$2:$A$702, 'LOCALIZAÇÃO DE CARGA'!$F$2:$F$702 )="", "", _xlfn.XLOOKUP( B153, 'LOCALIZAÇÃO DE CARGA'!$A$2:$A$702, 'LOCALIZAÇÃO DE CARGA'!$F$2:$F$702 ) ), "" ) | I153: {=IFERROR( IF( INDEX( 'VISÃO LOGISTICA'!$C$2:$C$525, MATCH( TRUE, ISNUMBER(FIND(B153,'VISÃO LOGISTICA'!$A$2:$A$525)), 0 ) )="Em espera", "", INDEX( 'VISÃO LOGISTICA'!$C$2:$C$525, MATCH( TRUE, ISNUMBER(FIND(B153,'VISÃO LOGISTICA'!$A$2:$A$525)), 0 ) ) ), "" )} -> Em Viagem | J153: {=IFERROR( IF( OR( INDEX( 'VISÃO LOGISTICA'!$C$2:$C$2000, MATCH( TRUE, ISNUMBER(FIND(B153,'VISÃO LOGISTICA'!$A$2:$A$2000)), 0 ) )="Em espera", INDEX( 'VISÃO LOGISTICA'!$C$2:$C$2000, MATCH( TRUE, ISNUMBER(FIND(B153,'VISÃO LOGISTICA'!$A$2:$A$2000)), 0 ) )="" ), "", INDEX( 'VISÃO LOGISTICA'!$D$2:$D$2000, MATCH( TRUE, ISNUMBER(FIND(B153,'VISÃO LOGISTICA'!$A$2:$A$2000)), 0 ) ) ), "" )} -> BCU5G84 | K153: =IFERROR( IF( _xlfn.XLOOKUP( B153, 'LOCALIZAÇÃO DE CARGA'!$A$2:$A$702, 'LOCALIZAÇÃO DE CARGA'!$E$2:$E$702)="", "", _xlfn.XLOOKUP( B153, 'LOCALIZAÇÃO DE CARGA'!$A$2:$A$702, 'LOCALIZAÇÃO DE CARGA'!$E$2:$E$702) ), "" ) | L153: {=IFERROR( _xlfn.LET( _xlpm.res,_xlfn.XLOOKUP(B153,'LOCALIZAÇÃO DE CARGA'!$A$2:$A$2000,'LOCALIZAÇÃO DE CARGA'!$G$2:$G$2000), IF(_xlpm.res="","",_xlpm.res) ), "" )} | M153: {=IFERROR( _xlfn.LET( _xlpm.load,_xlfn.XLOOKUP(B153,'LOCALIZAÇÃO DE CARGA'!$A$2:$A$2000,'LOCALIZAÇÃO DE CARGA'!$A$2:$A$2000), _xlpm.res,_xlfn.XLOOKUP(_xlpm.load,DOCUMENTOS!$A$2:$A$2000,DOCUMENTOS!$D$2:$D$2000), IF(_xlpm.res="","",_xlpm.res) ), "" )} | N153: =IFERROR(IF(M153="","",M153-TIME(1,0,0)),"") | O153: {=IFERROR( _xlfn.LET( _xlpm.res,_xlfn.XLOOKUP(B153,'LOCALIZAÇÃO DE CARGA'!$A$2:$A$2000,'LOCALIZAÇÃO DE CARGA'!$S$2:$S$2000), IF(_xlpm.res="","",_xlpm.res) ), "" )} | P153: {=IFERROR( _xlfn.LET( _xlpm.res,_xlfn.XLOOKUP(B153,'LOCALIZAÇÃO DE CARGA'!$A$2:$A$702,'LOCALIZAÇÃO DE CARGA'!$T$2:$T$702), IF(_xlpm.res="","",_xlpm.res) ), "" )} | Q153: =IFERROR( IF( _xlfn.XLOOKUP( B153, 'LOCALIZAÇÃO DE CARGA'!$A$2:$A$702, 'LOCALIZAÇÃO DE CARGA'!$K$2:$K$702 )="", "", _xlfn.XLOOKUP( B153, 'LOCALIZAÇÃO DE CARGA'!$A$2:$A$702, 'LOCALIZAÇÃO DE CARGA'!$K$2:$K$702 ) ), "" ) | R153: =IF(Q153="","",TRIM(IFERROR(LEFT(LEFT(Q153,FIND(" - ",Q153)-1),FIND("(",LEFT(Q153,FIND(" - ",Q153)-1))-1),LEFT(Q153,FIND(" - ",Q153)-1)))) | S153: {=IF(B153="","",IFERROR( INDEX( 'VISÃO LOGISTICA'!$L$2:$L$525, MATCH( TRUE, ISNUMBER(FIND(B153,'VISÃO LOGISTICA'!$A$2:$A$525)), 0 ) ), "" ))} | T153: {=IFERROR( _xlfn.LET( _xlpm.res,_xlfn.XLOOKUP(B153,'LOCALIZAÇÃO DE CARGA'!$A$2:$A$702,'LOCALIZAÇÃO DE CARGA'!$R$2:$R$702), IF(_xlpm.res="","",SUBSTITUTE(_xlpm.res,"/BRASIL","")) ), "" )}
A154: =IF(M154="","",INT(M154)) | C154: =IFERROR( IF(B154="","", IF(I154="Encerrada", "VERIFICAR SMP EM ANDAMENTO", IF(VALUE(SUBSTITUTE(K154,".",""))<100000, "DESCONSIDERA, VALOR NÃO RASTREADO", IF(AND(I154="EM VIAGEM",ISNUMBER(FIND("CAJAMAR/SP",S154))), IF(E154="Patio", "NA PENSKE - COM SMP - AGUARDANDO CARREGAMENTO", "NA PENSKE - COM SMP - AGUARDANDO SAÍDA"), IF(AND(I154="Pré-SMP",ISNUMBER(FIND("CAJAMAR/SP",S154))), IF(E154="Patio", "NA PENSKE - PRÉ-SMP - AGUARDANDO CARREGAMENTO", "NA PENSKE - PRÉ-SMP - AGUARDANDO SAÍDA"), IF(AND(I154="EM VIAGEM",ISNUMBER(FIND("ITAPOA/SC",S154))), "NA CLIF - COM SMP - AGUARDANDO SAÍDA", IF(AND(I154="Pré-SMP",ISNUMBER(FIND("ITAPOA/SC",S154))), "NA CLIF - PRÉ-SMP - AGUARDANDO SAÍDA", IF(I154="EM VIAGEM", "EM VIAGEM", IF(OR(L154="",N154=""), IF(I154="EM VIAGEM","SEM PREVISAO - COM SMP", IF(I154="Pré-SMP","SEM PREVISAO - PRÉ-SMP", "SEM PREVISAO - SEM SMP")), IF(M154>L154, IF(NOW()>N154, IF(E154="Finalizado", IF(I154="EM VIAGEM","CARREGADO - COM SMP", IF(I154="Pré-SMP","CARREGADO - PRÉ-SMP", "CARREGADO - SEM SMP")), IF(I154="EM VIAGEM","ATRASADO CARREGAMENTO - COM SMP - VERIFICAR AGENDAMENTO", IF(I154="Pré-SMP","ATRASADO CARREGAMENTO - PRÉ-SMP - VERIFICAR AGENDAMENTO", "ATRASADO CARREGAMENTO - SEM SMP - VERIFICAR AGENDAMENTO"))), IF(NOW()>L154, IF(I154="EM VIAGEM","ATRASADO ENTREGA - COM SMP - VERIFICAR AGENDAMENTO", IF(I154="Pré-SMP","ATRASADO ENTREGA - PRÉ-SMP - VERIFICAR AGENDAMENTO", "ATRASADO ENTREGA - SEM SMP - VERIFICAR AGENDAMENTO")), "OK NO PRAZO - VERIFICAR AGENDAMENTO")), IF(NOW()>L154, IF(I154="EM VIAGEM","ATRASADO ENTREGA - COM SMP", IF(I154="Pré-SMP","ATRASADO ENTREGA - PRÉ-SMP", "ATRASADO ENTREGA - SEM SMP")), IF(NOW()>N154, IF(E154="Finalizado", IF(I154="EM VIAGEM","CARREGADO - COM SMP", IF(I154="Pré-SMP","CARREGADO - PRÉ-SMP", "CARREGADO - SEM SMP")), IF(I154="EM VIAGEM","ATRASADO CARREGAMENTO - COM SMP", IF(I154="Pré-SMP","ATRASADO CARREGAMENTO - PRÉ-SMP", "ATRASADO CARREGAMENTO - SEM SMP"))), IF(L154-NOW()<=1, "ATENCAO - PROXIMO", "OK - NO PRAZO" ))))))))))))),"") | E154: =IFERROR( IF( _xlfn.XLOOKUP( B154, 'LOCALIZAÇÃO DE CARGA'!$A$2:$A$702, 'LOCALIZAÇÃO DE CARGA'!$D$2:$D$702 )="", "", _xlfn.XLOOKUP( B154, 'LOCALIZAÇÃO DE CARGA'!$A$2:$A$702, 'LOCALIZAÇÃO DE CARGA'!$D$2:$D$702 ) ), "" ) | F154: =IFERROR( IF( _xlfn.XLOOKUP( B154, 'LOCALIZAÇÃO DE CARGA'!$A$2:$A$702, 'LOCALIZAÇÃO DE CARGA'!$H$2:$H$702 )="", "", _xlfn.XLOOKUP( B154, 'LOCALIZAÇÃO DE CARGA'!$A$2:$A$702, 'LOCALIZAÇÃO DE CARGA'!$H$2:$H$702 ) ), "" ) | G154: =IFERROR( IF( _xlfn.XLOOKUP( B154, 'LOCALIZAÇÃO DE CARGA'!$A$2:$A$702, 'LOCALIZAÇÃO DE CARGA'!$I$2:$I$702 )="", "", _xlfn.XLOOKUP( B154, 'LOCALIZAÇÃO DE CARGA'!$A$2:$A$702, 'LOCALIZAÇÃO DE CARGA'!$I$2:$I$702 ) ), "" ) | H154: =IFERROR( IF( _xlfn.XLOOKUP( B154, 'LOCALIZAÇÃO DE CARGA'!$A$2:$A$702, 'LOCALIZAÇÃO DE CARGA'!$F$2:$F$702 )="", "", _xlfn.XLOOKUP( B154, 'LOCALIZAÇÃO DE CARGA'!$A$2:$A$702, 'LOCALIZAÇÃO DE CARGA'!$F$2:$F$702 ) ), "" ) | I154: {=IFERROR( IF( INDEX( 'VISÃO LOGISTICA'!$C$2:$C$525, MATCH( TRUE, ISNUMBER(FIND(B154,'VISÃO LOGISTICA'!$A$2:$A$525)), 0 ) )="Em espera", "", INDEX( 'VISÃO LOGISTICA'!$C$2:$C$525, MATCH( TRUE, ISNUMBER(FIND(B154,'VISÃO LOGISTICA'!$A$2:$A$525)), 0 ) ) ), "" )} -> Em Viagem | J154: {=IFERROR( IF( OR( INDEX( 'VISÃO LOGISTICA'!$C$2:$C$2000, MATCH( TRUE, ISNUMBER(FIND(B154,'VISÃO LOGISTICA'!$A$2:$A$2000)), 0 ) )="Em espera", INDEX( 'VISÃO LOGISTICA'!$C$2:$C$2000, MATCH( TRUE, ISNUMBER(FIND(B154,'VISÃO LOGISTICA'!$A$2:$A$2000)), 0 ) )="" ), "", INDEX( 'VISÃO LOGISTICA'!$D$2:$D$2000, MATCH( TRUE, ISNUMBER(FIND(B154,'VISÃO LOGISTICA'!$A$2:$A$2000)), 0 ) ) ), "" )} -> BCU5G84 | K154: =IFERROR( IF( _xlfn.XLOOKUP( B154, 'LOCALIZAÇÃO DE CARGA'!$A$2:$A$702, 'LOCALIZAÇÃO DE CARGA'!$E$2:$E$702)="", "", _xlfn.XLOOKUP( B154, 'LOCALIZAÇÃO DE CARGA'!$A$2:$A$702, 'LOCALIZAÇÃO DE CARGA'!$E$2:$E$702) ), "" ) | L154: {=IFERROR( _xlfn.LET( _xlpm.res,_xlfn.XLOOKUP(B154,'LOCALIZAÇÃO DE CARGA'!$A$2:$A$2000,'LOCALIZAÇÃO DE CARGA'!$G$2:$G$2000), IF(_xlpm.res="","",_xlpm.res) ), "" )} | M154: {=IFERROR( _xlfn.LET( _xlpm.load,_xlfn.XLOOKUP(B154,'LOCALIZAÇÃO DE CARGA'!$A$2:$A$2000,'LOCALIZAÇÃO DE CARGA'!$A$2:$A$2000), _xlpm.res,_xlfn.XLOOKUP(_xlpm.load,DOCUMENTOS!$A$2:$A$2000,DOCUMENTOS!$D$2:$D$2000), IF(_xlpm.res="","",_xlpm.res) ), "" )} | N154: =IFERROR(IF(M154="","",M154-TIME(1,0,0)),"") | O154: {=IFERROR( _xlfn.LET( _xlpm.res,_xlfn.XLOOKUP(B154,'LOCALIZAÇÃO DE CARGA'!$A$2:$A$2000,'LOCALIZAÇÃO DE CARGA'!$S$2:$S$2000), IF(_xlpm.res="","",_xlpm.res) ), "" )} | P154: {=IFERROR( _xlfn.LET( _xlpm.res,_xlfn.XLOOKUP(B154,'LOCALIZAÇÃO DE CARGA'!$A$2:$A$702,'LOCALIZAÇÃO DE CARGA'!$T$2:$T$702), IF(_xlpm.res="","",_xlpm.res) ), "" )} | Q154: =IFERROR( IF( _xlfn.XLOOKUP( B154, 'LOCALIZAÇÃO DE CARGA'!$A$2:$A$702, 'LOCALIZAÇÃO DE CARGA'!$K$2:$K$702 )="", "", _xlfn.XLOOKUP( B154, 'LOCALIZAÇÃO DE CARGA'!$A$2:$A$702, 'LOCALIZAÇÃO DE CARGA'!$K$2:$K$702 ) ), "" ) | R154: =IF(Q154="","",TRIM(IFERROR(LEFT(LEFT(Q154,FIND(" - ",Q154)-1),FIND("(",LEFT(Q154,FIND(" - ",Q154)-1))-1),LEFT(Q154,FIND(" - ",Q154)-1)))) | S154: {=IF(B154="","",IFERROR( INDEX( 'VISÃO LOGISTICA'!$L$2:$L$525, MATCH( TRUE, ISNUMBER(FIND(B154,'VISÃO LOGISTICA'!$A$2:$A$525)), 0 ) ), "" ))} | T154: {=IFERROR( _xlfn.LET( _xlpm.res,_xlfn.XLOOKUP(B154,'LOCALIZAÇÃO DE CARGA'!$A$2:$A$702,'LOCALIZAÇÃO DE CARGA'!$R$2:$R$702), IF(_xlpm.res="","",SUBSTITUTE(_xlpm.res,"/BRASIL","")) ), "" )}
A155: =IF(M155="","",INT(M155)) | C155: =IFERROR( IF(B155="","", IF(I155="Encerrada", "VERIFICAR SMP EM ANDAMENTO", IF(VALUE(SUBSTITUTE(K155,".",""))<100000, "DESCONSIDERA, VALOR NÃO RASTREADO", IF(AND(I155="EM VIAGEM",ISNUMBER(FIND("CAJAMAR/SP",S155))), IF(E155="Patio", "NA PENSKE - COM SMP - AGUARDANDO CARREGAMENTO", "NA PENSKE - COM SMP - AGUARDANDO SAÍDA"), IF(AND(I155="Pré-SMP",ISNUMBER(FIND("CAJAMAR/SP",S155))), IF(E155="Patio", "NA PENSKE - PRÉ-SMP - AGUARDANDO CARREGAMENTO", "NA PENSKE - PRÉ-SMP - AGUARDANDO SAÍDA"), IF(AND(I155="EM VIAGEM",ISNUMBER(FIND("ITAPOA/SC",S155))), "NA CLIF - COM SMP - AGUARDANDO SAÍDA", IF(AND(I155="Pré-SMP",ISNUMBER(FIND("ITAPOA/SC",S155))), "NA CLIF - PRÉ-SMP - AGUARDANDO SAÍDA", IF(I155="EM VIAGEM", "EM VIAGEM", IF(OR(L155="",N155=""), IF(I155="EM VIAGEM","SEM PREVISAO - COM SMP", IF(I155="Pré-SMP","SEM PREVISAO - PRÉ-SMP", "SEM PREVISAO - SEM SMP")), IF(M155>L155, IF(NOW()>N155, IF(E155="Finalizado", IF(I155="EM VIAGEM","CARREGADO - COM SMP", IF(I155="Pré-SMP","CARREGADO - PRÉ-SMP", "CARREGADO - SEM SMP")), IF(I155="EM VIAGEM","ATRASADO CARREGAMENTO - COM SMP - VERIFICAR AGENDAMENTO", IF(I155="Pré-SMP","ATRASADO CARREGAMENTO - PRÉ-SMP - VERIFICAR AGENDAMENTO", "ATRASADO CARREGAMENTO - SEM SMP - VERIFICAR AGENDAMENTO"))), IF(NOW()>L155, IF(I155="EM VIAGEM","ATRASADO ENTREGA - COM SMP - VERIFICAR AGENDAMENTO", IF(I155="Pré-SMP","ATRASADO ENTREGA - PRÉ-SMP - VERIFICAR AGENDAMENTO", "ATRASADO ENTREGA - SEM SMP - VERIFICAR AGENDAMENTO")), "OK NO PRAZO - VERIFICAR AGENDAMENTO")), IF(NOW()>L155, IF(I155="EM VIAGEM","ATRASADO ENTREGA - COM SMP", IF(I155="Pré-SMP","ATRASADO ENTREGA - PRÉ-SMP", "ATRASADO ENTREGA - SEM SMP")), IF(NOW()>N155, IF(E155="Finalizado", IF(I155="EM VIAGEM","CARREGADO - COM SMP", IF(I155="Pré-SMP","CARREGADO - PRÉ-SMP", "CARREGADO - SEM SMP")), IF(I155="EM VIAGEM","ATRASADO CARREGAMENTO - COM SMP", IF(I155="Pré-SMP","ATRASADO CARREGAMENTO - PRÉ-SMP", "ATRASADO CARREGAMENTO - SEM SMP"))), IF(L155-NOW()<=1, "ATENCAO - PROXIMO", "OK - NO PRAZO" ))))))))))))),"") | E155: =IFERROR( IF( _xlfn.XLOOKUP( B155, 'LOCALIZAÇÃO DE CARGA'!$A$2:$A$702, 'LOCALIZAÇÃO DE CARGA'!$D$2:$D$702 )="", "", _xlfn.XLOOKUP( B155, 'LOCALIZAÇÃO DE CARGA'!$A$2:$A$702, 'LOCALIZAÇÃO DE CARGA'!$D$2:$D$702 ) ), "" ) | F155: =IFERROR( IF( _xlfn.XLOOKUP( B155, 'LOCALIZAÇÃO DE CARGA'!$A$2:$A$702, 'LOCALIZAÇÃO DE CARGA'!$H$2:$H$702 )="", "", _xlfn.XLOOKUP( B155, 'LOCALIZAÇÃO DE CARGA'!$A$2:$A$702, 'LOCALIZAÇÃO DE CARGA'!$H$2:$H$702 ) ), "" ) | G155: =IFERROR( IF( _xlfn.XLOOKUP( B155, 'LOCALIZAÇÃO DE CARGA'!$A$2:$A$702, 'LOCALIZAÇÃO DE CARGA'!$I$2:$I$702 )="", "", _xlfn.XLOOKUP( B155, 'LOCALIZAÇÃO DE CARGA'!$A$2:$A$702, 'LOCALIZAÇÃO DE CARGA'!$I$2:$I$702 ) ), "" ) | H155: =IFERROR( IF( _xlfn.XLOOKUP( B155, 'LOCALIZAÇÃO DE CARGA'!$A$2:$A$702, 'LOCALIZAÇÃO DE CARGA'!$F$2:$F$702 )="", "", _xlfn.XLOOKUP( B155, 'LOCALIZAÇÃO DE CARGA'!$A$2:$A$702, 'LOCALIZAÇÃO DE CARGA'!$F$2:$F$702 ) ), "" ) | I155: {=IFERROR( IF( INDEX( 'VISÃO LOGISTICA'!$C$2:$C$525, MATCH( TRUE, ISNUMBER(FIND(B155,'VISÃO LOGISTICA'!$A$2:$A$525)), 0 ) )="Em espera", "", INDEX( 'VISÃO LOGISTICA'!$C$2:$C$525, MATCH( TRUE, ISNUMBER(FIND(B155,'VISÃO LOGISTICA'!$A$2:$A$525)), 0 ) ) ), "" )} -> Em Viagem | J155: {=IFERROR( IF( OR( INDEX( 'VISÃO LOGISTICA'!$C$2:$C$2000, MATCH( TRUE, ISNUMBER(FIND(B155,'VISÃO LOGISTICA'!$A$2:$A$2000)), 0 ) )="Em espera", INDEX( 'VISÃO LOGISTICA'!$C$2:$C$2000, MATCH( TRUE, ISNUMBER(FIND(B155,'VISÃO LOGISTICA'!$A$2:$A$2000)), 0 ) )="" ), "", INDEX( 'VISÃO LOGISTICA'!$D$2:$D$2000, MATCH( TRUE, ISNUMBER(FIND(B155,'VISÃO LOGISTICA'!$A$2:$A$2000)), 0 ) ) ), "" )} -> BCU5G84 | K155: =IFERROR( IF( _xlfn.XLOOKUP( B155, 'LOCALIZAÇÃO DE CARGA'!$A$2:$A$702, 'LOCALIZAÇÃO DE CARGA'!$E$2:$E$702)="", "", _xlfn.XLOOKUP( B155, 'LOCALIZAÇÃO DE CARGA'!$A$2:$A$702, 'LOCALIZAÇÃO DE CARGA'!$E$2:$E$702) ), "" ) | L155: {=IFERROR( _xlfn.LET( _xlpm.res,_xlfn.XLOOKUP(B155,'LOCALIZAÇÃO DE CARGA'!$A$2:$A$2000,'LOCALIZAÇÃO DE CARGA'!$G$2:$G$2000), IF(_xlpm.res="","",_xlpm.res) ), "" )} | M155: {=IFERROR( _xlfn.LET( _xlpm.load,_xlfn.XLOOKUP(B155,'LOCALIZAÇÃO DE CARGA'!$A$2:$A$2000,'LOCALIZAÇÃO DE CARGA'!$A$2:$A$2000), _xlpm.res,_xlfn.XLOOKUP(_xlpm.load,DOCUMENTOS!$A$2:$A$2000,DOCUMENTOS!$D$2:$D$2000), IF(_xlpm.res="","",_xlpm.res) ), "" )} | N155: =IFERROR(IF(M155="","",M155-TIME(1,0,0)),"") | O155: {=IFERROR( _xlfn.LET( _xlpm.res,_xlfn.XLOOKUP(B155,'LOCALIZAÇÃO DE CARGA'!$A$2:$A$2000,'LOCALIZAÇÃO DE CARGA'!$S$2:$S$2000), IF(_xlpm.res="","",_xlpm.res) ), "" )} | P155: {=IFERROR( _xlfn.LET( _xlpm.res,_xlfn.XLOOKUP(B155,'LOCALIZAÇÃO DE CARGA'!$A$2:$A$702,'LOCALIZAÇÃO DE CARGA'!$T$2:$T$702), IF(_xlpm.res="","",_xlpm.res) ), "" )} | Q155: =IFERROR( IF( _xlfn.XLOOKUP( B155, 'LOCALIZAÇÃO DE CARGA'!$A$2:$A$702, 'LOCALIZAÇÃO DE CARGA'!$K$2:$K$702 )="", "", _xlfn.XLOOKUP( B155, 'LOCALIZAÇÃO DE CARGA'!$A$2:$A$702, 'LOCALIZAÇÃO DE CARGA'!$K$2:$K$702 ) ), "" ) | R155: =IF(Q155="","",TRIM(IFERROR(LEFT(LEFT(Q155,FIND(" - ",Q155)-1),FIND("(",LEFT(Q155,FIND(" - ",Q155)-1))-1),LEFT(Q155,FIND(" - ",Q155)-1)))) | S155: {=IF(B155="","",IFERROR( INDEX( 'VISÃO LOGISTICA'!$L$2:$L$525, MATCH( TRUE, ISNUMBER(FIND(B155,'VISÃO LOGISTICA'!$A$2:$A$525)), 0 ) ), "" ))} | T155: {=IFERROR( _xlfn.LET( _xlpm.res,_xlfn.XLOOKUP(B155,'LOCALIZAÇÃO DE CARGA'!$A$2:$A$702,'LOCALIZAÇÃO DE CARGA'!$R$2:$R$702), IF(_xlpm.res="","",SUBSTITUTE(_xlpm.res,"/BRASIL","")) ), "" )}
A156: =IF(M156="","",INT(M156)) | C156: =IFERROR( IF(B156="","", IF(I156="Encerrada", "VERIFICAR SMP EM ANDAMENTO", IF(VALUE(SUBSTITUTE(K156,".",""))<100000, "DESCONSIDERA, VALOR NÃO RASTREADO", IF(AND(I156="EM VIAGEM",ISNUMBER(FIND("CAJAMAR/SP",S156))), IF(E156="Patio", "NA PENSKE - COM SMP - AGUARDANDO CARREGAMENTO", "NA PENSKE - COM SMP - AGUARDANDO SAÍDA"), IF(AND(I156="Pré-SMP",ISNUMBER(FIND("CAJAMAR/SP",S156))), IF(E156="Patio", "NA PENSKE - PRÉ-SMP - AGUARDANDO CARREGAMENTO", "NA PENSKE - PRÉ-SMP - AGUARDANDO SAÍDA"), IF(AND(I156="EM VIAGEM",ISNUMBER(FIND("ITAPOA/SC",S156))), "NA CLIF - COM SMP - AGUARDANDO SAÍDA", IF(AND(I156="Pré-SMP",ISNUMBER(FIND("ITAPOA/SC",S156))), "NA CLIF - PRÉ-SMP - AGUARDANDO SAÍDA", IF(I156="EM VIAGEM", "EM VIAGEM", IF(OR(L156="",N156=""), IF(I156="EM VIAGEM","SEM PREVISAO - COM SMP", IF(I156="Pré-SMP","SEM PREVISAO - PRÉ-SMP", "SEM PREVISAO - SEM SMP")), IF(M156>L156, IF(NOW()>N156, IF(E156="Finalizado", IF(I156="EM VIAGEM","CARREGADO - COM SMP", IF(I156="Pré-SMP","CARREGADO - PRÉ-SMP", "CARREGADO - SEM SMP")), IF(I156="EM VIAGEM","ATRASADO CARREGAMENTO - COM SMP - VERIFICAR AGENDAMENTO", IF(I156="Pré-SMP","ATRASADO CARREGAMENTO - PRÉ-SMP - VERIFICAR AGENDAMENTO", "ATRASADO CARREGAMENTO - SEM SMP - VERIFICAR AGENDAMENTO"))), IF(NOW()>L156, IF(I156="EM VIAGEM","ATRASADO ENTREGA - COM SMP - VERIFICAR AGENDAMENTO", IF(I156="Pré-SMP","ATRASADO ENTREGA - PRÉ-SMP - VERIFICAR AGENDAMENTO", "ATRASADO ENTREGA - SEM SMP - VERIFICAR AGENDAMENTO")), "OK NO PRAZO - VERIFICAR AGENDAMENTO")), IF(NOW()>L156, IF(I156="EM VIAGEM","ATRASADO ENTREGA - COM SMP", IF(I156="Pré-SMP","ATRASADO ENTREGA - PRÉ-SMP", "ATRASADO ENTREGA - SEM SMP")), IF(NOW()>N156, IF(E156="Finalizado", IF(I156="EM VIAGEM","CARREGADO - COM SMP", IF(I156="Pré-SMP","CARREGADO - PRÉ-SMP", "CARREGADO - SEM SMP")), IF(I156="EM VIAGEM","ATRASADO CARREGAMENTO - COM SMP", IF(I156="Pré-SMP","ATRASADO CARREGAMENTO - PRÉ-SMP", "ATRASADO CARREGAMENTO - SEM SMP"))), IF(L156-NOW()<=1, "ATENCAO - PROXIMO", "OK - NO PRAZO" ))))))))))))),"") | E156: =IFERROR( IF( _xlfn.XLOOKUP( B156, 'LOCALIZAÇÃO DE CARGA'!$A$2:$A$702, 'LOCALIZAÇÃO DE CARGA'!$D$2:$D$702 )="", "", _xlfn.XLOOKUP( B156, 'LOCALIZAÇÃO DE CARGA'!$A$2:$A$702, 'LOCALIZAÇÃO DE CARGA'!$D$2:$D$702 ) ), "" ) | F156: =IFERROR( IF( _xlfn.XLOOKUP( B156, 'LOCALIZAÇÃO DE CARGA'!$A$2:$A$702, 'LOCALIZAÇÃO DE CARGA'!$H$2:$H$702 )="", "", _xlfn.XLOOKUP( B156, 'LOCALIZAÇÃO DE CARGA'!$A$2:$A$702, 'LOCALIZAÇÃO DE CARGA'!$H$2:$H$702 ) ), "" ) | G156: =IFERROR( IF( _xlfn.XLOOKUP( B156, 'LOCALIZAÇÃO DE CARGA'!$A$2:$A$702, 'LOCALIZAÇÃO DE CARGA'!$I$2:$I$702 )="", "", _xlfn.XLOOKUP( B156, 'LOCALIZAÇÃO DE CARGA'!$A$2:$A$702, 'LOCALIZAÇÃO DE CARGA'!$I$2:$I$702 ) ), "" ) | H156: =IFERROR( IF( _xlfn.XLOOKUP( B156, 'LOCALIZAÇÃO DE CARGA'!$A$2:$A$702, 'LOCALIZAÇÃO DE CARGA'!$F$2:$F$702 )="", "", _xlfn.XLOOKUP( B156, 'LOCALIZAÇÃO DE CARGA'!$A$2:$A$702, 'LOCALIZAÇÃO DE CARGA'!$F$2:$F$702 ) ), "" ) | I156: {=IFERROR( IF( INDEX( 'VISÃO LOGISTICA'!$C$2:$C$525, MATCH( TRUE, ISNUMBER(FIND(B156,'VISÃO LOGISTICA'!$A$2:$A$525)), 0 ) )="Em espera", "", INDEX( 'VISÃO LOGISTICA'!$C$2:$C$525, MATCH( TRUE, ISNUMBER(FIND(B156,'VISÃO LOGISTICA'!$A$2:$A$525)), 0 ) ) ), "" )} -> Em Viagem | J156: {=IFERROR( IF( OR( INDEX( 'VISÃO LOGISTICA'!$C$2:$C$2000, MATCH( TRUE, ISNUMBER(FIND(B156,'VISÃO LOGISTICA'!$A$2:$A$2000)), 0 ) )="Em espera", INDEX( 'VISÃO LOGISTICA'!$C$2:$C$2000, MATCH( TRUE, ISNUMBER(FIND(B156,'VISÃO LOGISTICA'!$A$2:$A$2000)), 0 ) )="" ), "", INDEX( 'VISÃO LOGISTICA'!$D$2:$D$2000, MATCH( TRUE, ISNUMBER(FIND(B156,'VISÃO LOGISTICA'!$A$2:$A$2000)), 0 ) ) ), "" )} -> BCU5G84 | K156: =IFERROR( IF( _xlfn.XLOOKUP( B156, 'LOCALIZAÇÃO DE CARGA'!$A$2:$A$702, 'LOCALIZAÇÃO DE CARGA'!$E$2:$E$702)="", "", _xlfn.XLOOKUP( B156, 'LOCALIZAÇÃO DE CARGA'!$A$2:$A$702, 'LOCALIZAÇÃO DE CARGA'!$E$2:$E$702) ), "" ) | L156: {=IFERROR( _xlfn.LET( _xlpm.res,_xlfn.XLOOKUP(B156,'LOCALIZAÇÃO DE CARGA'!$A$2:$A$2000,'LOCALIZAÇÃO DE CARGA'!$G$2:$G$2000), IF(_xlpm.res="","",_xlpm.res) ), "" )} | M156: {=IFERROR( _xlfn.LET( _xlpm.load,_xlfn.XLOOKUP(B156,'LOCALIZAÇÃO DE CARGA'!$A$2:$A$2000,'LOCALIZAÇÃO DE CARGA'!$A$2:$A$2000), _xlpm.res,_xlfn.XLOOKUP(_xlpm.load,DOCUMENTOS!$A$2:$A$2000,DOCUMENTOS!$D$2:$D$2000), IF(_xlpm.res="","",_xlpm.res) ), "" )} | N156: =IFERROR(IF(M156="","",M156-TIME(1,0,0)),"") | O156: {=IFERROR( _xlfn.LET( _xlpm.res,_xlfn.XLOOKUP(B156,'LOCALIZAÇÃO DE CARGA'!$A$2:$A$2000,'LOCALIZAÇÃO DE CARGA'!$S$2:$S$2000), IF(_xlpm.res="","",_xlpm.res) ), "" )} | P156: {=IFERROR( _xlfn.LET( _xlpm.res,_xlfn.XLOOKUP(B156,'LOCALIZAÇÃO DE CARGA'!$A$2:$A$702,'LOCALIZAÇÃO DE CARGA'!$T$2:$T$702), IF(_xlpm.res="","",_xlpm.res) ), "" )} | Q156: =IFERROR( IF( _xlfn.XLOOKUP( B156, 'LOCALIZAÇÃO DE CARGA'!$A$2:$A$702, 'LOCALIZAÇÃO DE CARGA'!$K$2:$K$702 )="", "", _xlfn.XLOOKUP( B156, 'LOCALIZAÇÃO DE CARGA'!$A$2:$A$702, 'LOCALIZAÇÃO DE CARGA'!$K$2:$K$702 ) ), "" ) | R156: =IF(Q156="","",TRIM(IFERROR(LEFT(LEFT(Q156,FIND(" - ",Q156)-1),FIND("(",LEFT(Q156,FIND(" - ",Q156)-1))-1),LEFT(Q156,FIND(" - ",Q156)-1)))) | S156: {=IF(B156="","",IFERROR( INDEX( 'VISÃO LOGISTICA'!$L$2:$L$525, MATCH( TRUE, ISNUMBER(FIND(B156,'VISÃO LOGISTICA'!$A$2:$A$525)), 0 ) ), "" ))} | T156: {=IFERROR( _xlfn.LET( _xlpm.res,_xlfn.XLOOKUP(B156,'LOCALIZAÇÃO DE CARGA'!$A$2:$A$702,'LOCALIZAÇÃO DE CARGA'!$R$2:$R$702), IF(_xlpm.res="","",SUBSTITUTE(_xlpm.res,"/BRASIL","")) ), "" )}
A157: =IF(M157="","",INT(M157)) | C157: =IFERROR( IF(B157="","", IF(I157="Encerrada", "VERIFICAR SMP EM ANDAMENTO", IF(VALUE(SUBSTITUTE(K157,".",""))<100000, "DESCONSIDERA, VALOR NÃO RASTREADO", IF(AND(I157="EM VIAGEM",ISNUMBER(FIND("CAJAMAR/SP",S157))), IF(E157="Patio", "NA PENSKE - COM SMP - AGUARDANDO CARREGAMENTO", "NA PENSKE - COM SMP - AGUARDANDO SAÍDA"), IF(AND(I157="Pré-SMP",ISNUMBER(FIND("CAJAMAR/SP",S157))), IF(E157="Patio", "NA PENSKE - PRÉ-SMP - AGUARDANDO CARREGAMENTO", "NA PENSKE - PRÉ-SMP - AGUARDANDO SAÍDA"), IF(AND(I157="EM VIAGEM",ISNUMBER(FIND("ITAPOA/SC",S157))), "NA CLIF - COM SMP - AGUARDANDO SAÍDA", IF(AND(I157="Pré-SMP",ISNUMBER(FIND("ITAPOA/SC",S157))), "NA CLIF - PRÉ-SMP - AGUARDANDO SAÍDA", IF(I157="EM VIAGEM", "EM VIAGEM", IF(OR(L157="",N157=""), IF(I157="EM VIAGEM","SEM PREVISAO - COM SMP", IF(I157="Pré-SMP","SEM PREVISAO - PRÉ-SMP", "SEM PREVISAO - SEM SMP")), IF(M157>L157, IF(NOW()>N157, IF(E157="Finalizado", IF(I157="EM VIAGEM","CARREGADO - COM SMP", IF(I157="Pré-SMP","CARREGADO - PRÉ-SMP", "CARREGADO - SEM SMP")), IF(I157="EM VIAGEM","ATRASADO CARREGAMENTO - COM SMP - VERIFICAR AGENDAMENTO", IF(I157="Pré-SMP","ATRASADO CARREGAMENTO - PRÉ-SMP - VERIFICAR AGENDAMENTO", "ATRASADO CARREGAMENTO - SEM SMP - VERIFICAR AGENDAMENTO"))), IF(NOW()>L157, IF(I157="EM VIAGEM","ATRASADO ENTREGA - COM SMP - VERIFICAR AGENDAMENTO", IF(I157="Pré-SMP","ATRASADO ENTREGA - PRÉ-SMP - VERIFICAR AGENDAMENTO", "ATRASADO ENTREGA - SEM SMP - VERIFICAR AGENDAMENTO")), "OK NO PRAZO - VERIFICAR AGENDAMENTO")), IF(NOW()>L157, IF(I157="EM VIAGEM","ATRASADO ENTREGA - COM SMP", IF(I157="Pré-SMP","ATRASADO ENTREGA - PRÉ-SMP", "ATRASADO ENTREGA - SEM SMP")), IF(NOW()>N157, IF(E157="Finalizado", IF(I157="EM VIAGEM","CARREGADO - COM SMP", IF(I157="Pré-SMP","CARREGADO - PRÉ-SMP", "CARREGADO - SEM SMP")), IF(I157="EM VIAGEM","ATRASADO CARREGAMENTO - COM SMP", IF(I157="Pré-SMP","ATRASADO CARREGAMENTO - PRÉ-SMP", "ATRASADO CARREGAMENTO - SEM SMP"))), IF(L157-NOW()<=1, "ATENCAO - PROXIMO", "OK - NO PRAZO" ))))))))))))),"") | E157: =IFERROR( IF( _xlfn.XLOOKUP( B157, 'LOCALIZAÇÃO DE CARGA'!$A$2:$A$702, 'LOCALIZAÇÃO DE CARGA'!$D$2:$D$702 )="", "", _xlfn.XLOOKUP( B157, 'LOCALIZAÇÃO DE CARGA'!$A$2:$A$702, 'LOCALIZAÇÃO DE CARGA'!$D$2:$D$702 ) ), "" ) | F157: =IFERROR( IF( _xlfn.XLOOKUP( B157, 'LOCALIZAÇÃO DE CARGA'!$A$2:$A$702, 'LOCALIZAÇÃO DE CARGA'!$H$2:$H$702 )="", "", _xlfn.XLOOKUP( B157, 'LOCALIZAÇÃO DE CARGA'!$A$2:$A$702, 'LOCALIZAÇÃO DE CARGA'!$H$2:$H$702 ) ), "" ) | G157: =IFERROR( IF( _xlfn.XLOOKUP( B157, 'LOCALIZAÇÃO DE CARGA'!$A$2:$A$702, 'LOCALIZAÇÃO DE CARGA'!$I$2:$I$702 )="", "", _xlfn.XLOOKUP( B157, 'LOCALIZAÇÃO DE CARGA'!$A$2:$A$702, 'LOCALIZAÇÃO DE CARGA'!$I$2:$I$702 ) ), "" ) | H157: =IFERROR( IF( _xlfn.XLOOKUP( B157, 'LOCALIZAÇÃO DE CARGA'!$A$2:$A$702, 'LOCALIZAÇÃO DE CARGA'!$F$2:$F$702 )="", "", _xlfn.XLOOKUP( B157, 'LOCALIZAÇÃO DE CARGA'!$A$2:$A$702, 'LOCALIZAÇÃO DE CARGA'!$F$2:$F$702 ) ), "" ) | I157: {=IFERROR( IF( INDEX( 'VISÃO LOGISTICA'!$C$2:$C$525, MATCH( TRUE, ISNUMBER(FIND(B157,'VISÃO LOGISTICA'!$A$2:$A$525)), 0 ) )="Em espera", "", INDEX( 'VISÃO LOGISTICA'!$C$2:$C$525, MATCH( TRUE, ISNUMBER(FIND(B157,'VISÃO LOGISTICA'!$A$2:$A$525)), 0 ) ) ), "" )} -> Em Viagem | J157: {=IFERROR( IF( OR( INDEX( 'VISÃO LOGISTICA'!$C$2:$C$2000, MATCH( TRUE, ISNUMBER(FIND(B157,'VISÃO LOGISTICA'!$A$2:$A$2000)), 0 ) )="Em espera", INDEX( 'VISÃO LOGISTICA'!$C$2:$C$2000, MATCH( TRUE, ISNUMBER(FIND(B157,'VISÃO LOGISTICA'!$A$2:$A$2000)), 0 ) )="" ), "", INDEX( 'VISÃO LOGISTICA'!$D$2:$D$2000, MATCH( TRUE, ISNUMBER(FIND(B157,'VISÃO LOGISTICA'!$A$2:$A$2000)), 0 ) ) ), "" )} -> BCU5G84 | K157: =IFERROR( IF( _xlfn.XLOOKUP( B157, 'LOCALIZAÇÃO DE CARGA'!$A$2:$A$702, 'LOCALIZAÇÃO DE CARGA'!$E$2:$E$702)="", "", _xlfn.XLOOKUP( B157, 'LOCALIZAÇÃO DE CARGA'!$A$2:$A$702, 'LOCALIZAÇÃO DE CARGA'!$E$2:$E$702) ), "" ) | L157: {=IFERROR( _xlfn.LET( _xlpm.res,_xlfn.XLOOKUP(B157,'LOCALIZAÇÃO DE CARGA'!$A$2:$A$2000,'LOCALIZAÇÃO DE CARGA'!$G$2:$G$2000), IF(_xlpm.res="","",_xlpm.res) ), "" )} | M157: {=IFERROR( _xlfn.LET( _xlpm.load,_xlfn.XLOOKUP(B157,'LOCALIZAÇÃO DE CARGA'!$A$2:$A$2000,'LOCALIZAÇÃO DE CARGA'!$A$2:$A$2000), _xlpm.res,_xlfn.XLOOKUP(_xlpm.load,DOCUMENTOS!$A$2:$A$2000,DOCUMENTOS!$D$2:$D$2000), IF(_xlpm.res="","",_xlpm.res) ), "" )} | N157: =IFERROR(IF(M157="","",M157-TIME(1,0,0)),"") | O157: {=IFERROR( _xlfn.LET( _xlpm.res,_xlfn.XLOOKUP(B157,'LOCALIZAÇÃO DE CARGA'!$A$2:$A$2000,'LOCALIZAÇÃO DE CARGA'!$S$2:$S$2000), IF(_xlpm.res="","",_xlpm.res) ), "" )} | P157: {=IFERROR( _xlfn.LET( _xlpm.res,_xlfn.XLOOKUP(B157,'LOCALIZAÇÃO DE CARGA'!$A$2:$A$702,'LOCALIZAÇÃO DE CARGA'!$T$2:$T$702), IF(_xlpm.res="","",_xlpm.res) ), "" )} | Q157: =IFERROR( IF( _xlfn.XLOOKUP( B157, 'LOCALIZAÇÃO DE CARGA'!$A$2:$A$702, 'LOCALIZAÇÃO DE CARGA'!$K$2:$K$702 )="", "", _xlfn.XLOOKUP( B157, 'LOCALIZAÇÃO DE CARGA'!$A$2:$A$702, 'LOCALIZAÇÃO DE CARGA'!$K$2:$K$702 ) ), "" ) | R157: =IF(Q157="","",TRIM(IFERROR(LEFT(LEFT(Q157,FIND(" - ",Q157)-1),FIND("(",LEFT(Q157,FIND(" - ",Q157)-1))-1),LEFT(Q157,FIND(" - ",Q157)-1)))) | S157: {=IF(B157="","",IFERROR( INDEX( 'VISÃO LOGISTICA'!$L$2:$L$525, MATCH( TRUE, ISNUMBER(FIND(B157,'VISÃO LOGISTICA'!$A$2:$A$525)), 0 ) ), "" ))} | T157: {=IFERROR( _xlfn.LET( _xlpm.res,_xlfn.XLOOKUP(B157,'LOCALIZAÇÃO DE CARGA'!$A$2:$A$702,'LOCALIZAÇÃO DE CARGA'!$R$2:$R$702), IF(_xlpm.res="","",SUBSTITUTE(_xlpm.res,"/BRASIL","")) ), "" )}
